Date;Catchment 1;Catchment 2
;Q [mm/d];Q [mm/d]
01/10/2001;0,11;0,54
02/10/2001;0,17;1,19
03/10/2001;0,48;0,48
04/10/2001;0,13;0,45
05/10/2001;0,09;0,44
06/10/2001;0,09;0,61
07/10/2001;0,17;1,22
08/10/2001;0,76;0,48
09/10/2001;0,34;0,47
10/10/2001;0,21;0,45
11/10/2001;0,12;0,44
12/10/2001;0,09;0,44
13/10/2001;0,09;0,44
14/10/2001;0,10;0,46
15/10/2001;0,11;0,46
16/10/2001;0,10;0,41
17/10/2001;0,07;0,37
18/10/2001;0,04;0,37
19/10/2001;0,05;0,37
20/10/2001;0,07;0,37
21/10/2001;0,06;0,38
22/10/2001;0,06;1,12
23/10/2001;0,58;0,43
24/10/2001;0,44;0,42
25/10/2001;0,17;0,39
26/10/2001;0,18;0,38
27/10/2001;0,19;0,39
28/10/2001;0,12;0,38
29/10/2001;0,15;0,37
30/10/2001;0,20;0,37
31/10/2001;0,20;0,35
01/11/2001;0,13;0,34
02/11/2001;0,09;0,33
03/11/2001;0,09;0,33
04/11/2001;0,09;0,33
05/11/2001;0,09;0,33
06/11/2001;0,09;0,32
07/11/2001;0,09;0,32
08/11/2001;0,05;1,12
09/11/2001;0,09;1,33
10/11/2001;0,09;0,33
11/11/2001;0,07;0,33
12/11/2001;0,07;0,33
13/11/2001;0,07;0,33
14/11/2001;0,07;0,32
15/11/2001;0,05;0,32
16/11/2001;0,03;0,31
17/11/2001;0,03;0,31
18/11/2001;0,03;0,31
19/11/2001;0,03;0,31
20/11/2001;0,03;0,31
21/11/2001;0,02;0,31
22/11/2001;0,01;0,32
23/11/2001;0,01;0,33
24/11/2001;0,01;0,32
25/11/2001;0,01;0,33
26/11/2001;0,02;0,44
27/11/2001;0,04;0,34
28/11/2001;0,03;0,32
29/11/2001;0,02;0,38
30/11/2001;0,18;0,62
01/12/2001;0,45;0,66
02/12/2001;1,32;0,45
03/12/2001;0,92;0,44
04/12/2001;0,83;0,42
05/12/2001;0,76;0,40
06/12/2001;0,35;0,37
07/12/2001;0,08;0,37
08/12/2001;0,08;0,37
09/12/2001;0,08;0,37
10/12/2001;0,08;0,37
11/12/2001;0,07;0,36
12/12/2001;0,10;0,35
13/12/2001;0,11;0,35
14/12/2001;0,11;0,35
15/12/2001;0,09;0,35
16/12/2001;0,08;0,35
17/12/2001;0,08;0,35
18/12/2001;0,08;0,34
19/12/2001;0,05;0,33
20/12/2001;0,03;0,33
21/12/2001;0,03;0,33
22/12/2001;0,03;0,33
23/12/2001;0,03;0,33
24/12/2001;0,04;0,33
25/12/2001;0,04;0,35
26/12/2001;0,07;0,35
27/12/2001;0,07;0,35
28/12/2001;0,07;0,38
29/12/2001;0,29;1,65
30/12/2001;2,30;0,71
31/12/2001;0,81;0,74
01/01/2002;0,72;0,74
02/01/2002;0,70;0,59
03/01/2002;0,44;0,49
04/01/2002;0,23;0,47
05/01/2002;0,23;0,44
06/01/2002;0,21;0,44
07/01/2002;0,20;0,44
08/01/2002;0,20;0,44
09/01/2002;0,20;0,42
10/01/2002;0,16;0,41
11/01/2002;0,20;0,41
12/01/2002;0,23;0,41
13/01/2002;0,24;0,39
14/01/2002;0,27;0,40
15/01/2002;0,25;0,51
16/01/2002;0,53;0,43
17/01/2002;0,35;0,40
18/01/2002;0,24;0,47
19/01/2002;0,33;0,46
20/01/2002;0,36;0,42
21/01/2002;0,26;0,42
22/01/2002;0,25;0,43
23/01/2002;0,28;0,43
24/01/2002;0,26;0,42
25/01/2002;0,23;0,44
26/01/2002;0,37;0,48
27/01/2002;0,42;0,62
28/01/2002;0,86;0,50
29/01/2002;0,47;0,49
30/01/2002;0,46;0,49
31/01/2002;0,43;0,49
01/02/2002;0,46;0,49
02/02/2002;0,51;0,47
03/02/2002;0,46;0,56
04/02/2002;0,74;0,73
05/02/2002;1,13;1,56
06/02/2002;1,77;0,73
07/02/2002;0,81;0,69
08/02/2002;0,72;0,69
09/02/2002;0,81;0,69
10/02/2002;0,84;0,69
11/02/2002;0,84;0,67
12/02/2002;0,84;0,66
13/02/2002;0,84;0,72
14/02/2002;0,84;0,77
15/02/2002;0,89;0,79
16/02/2002;0,95;0,79
17/02/2002;0,95;0,79
18/02/2002;0,95;0,79
19/02/2002;0,95;0,79
20/02/2002;0,95;1,06
21/02/2002;1,77;0,86
22/02/2002;1,35;0,86
23/02/2002;1,35;0,84
24/02/2002;1,29;0,84
25/02/2002;1,25;0,84
26/02/2002;1,25;0,88
27/02/2002;1,15;0,91
28/02/2002;1,12;0,93
01/03/2002;1,24;0,92
02/03/2002;1,25;0,91
03/03/2002;1,16;0,89
04/03/2002;1,12;0,88
05/03/2002;1,11;0,87
06/03/2002;1,12;0,84
07/03/2002;1,04;0,81
08/03/2002;0,91;0,79
09/03/2002;1,03;0,79
10/03/2002;1,10;0,79
11/03/2002;1,09;0,79
12/03/2002;1,08;0,79
13/03/2002;1,09;0,60
14/03/2002;1,13;0,49
15/03/2002;1,32;0,50
16/03/2002;1,28;0,47
17/03/2002;1,20;0,46
18/03/2002;1,18;0,85
19/03/2002;2,34;0,66
20/03/2002;2,08;0,67
21/03/2002;1,38;0,86
22/03/2002;1,18;0,86
23/03/2002;1,18;0,85
24/03/2002;1,16;0,81
25/03/2002;1,16;0,79
26/03/2002;1,13;0,78
27/03/2002;1,02;0,75
28/03/2002;0,94;0,73
29/03/2002;0,83;0,73
30/03/2002;0,77;0,72
31/03/2002;0,77;0,72
01/04/2002;0,76;0,69
02/04/2002;0,75;0,69
03/04/2002;0,74;0,69
04/04/2002;0,64;0,68
05/04/2002;0,54;0,68
06/04/2002;0,52;0,68
07/04/2002;0,51;0,67
08/04/2002;0,49;0,67
09/04/2002;0,53;0,67
10/04/2002;0,60;0,66
11/04/2002;0,57;0,66
12/04/2002;0,54;0,66
13/04/2002;0,54;0,65
14/04/2002;0,54;0,64
15/04/2002;0,53;0,63
16/04/2002;0,49;0,63
17/04/2002;0,46;0,63
18/04/2002;0,46;0,63
19/04/2002;0,36;0,63
20/04/2002;0,35;0,63
21/04/2002;0,34;0,63
22/04/2002;0,34;0,62
23/04/2002;0,33;0,62
24/04/2002;0,26;0,60
25/04/2002;0,22;0,60
26/04/2002;0,03;0,60
27/04/2002;0,00;0,60
28/04/2002;0,00;0,58
29/04/2002;0,01;0,57
30/04/2002;0,03;0,59
01/05/2002;0,64;0,60
02/05/2002;0,76;0,57
03/05/2002;0,57;0,54
04/05/2002;0,39;0,54
05/05/2002;0,38;0,54
06/05/2002;0,38;0,54
07/05/2002;0,37;0,53
08/05/2002;0,34;0,52
09/05/2002;0,22;0,52
10/05/2002;0,24;0,52
11/05/2002;0,22;0,52
12/05/2002;0,17;0,52
13/05/2002;0,23;0,52
14/05/2002;0,35;0,51
15/05/2002;0,31;0,49
16/05/2002;0,23;0,48
17/05/2002;0,21;0,79
18/05/2002;0,49;0,55
19/05/2002;0,29;0,53
20/05/2002;0,23;0,52
21/05/2002;0,02;0,68
22/05/2002;0,00;0,54
23/05/2002;0,00;0,52
24/05/2002;0,00;0,93
25/05/2002;0,00;0,56
26/05/2002;0,00;0,54
27/05/2002;0,00;0,80
28/05/2002;0,00;0,72
29/05/2002;0,00;0,54
30/05/2002;0,13;0,50
31/05/2002;0,21;0,49
01/06/2002;0,18;0,49
02/06/2002;0,18;0,49
03/06/2002;0,20;0,49
04/06/2002;0,19;1,32
05/06/2002;0,26;0,70
06/06/2002;0,00;0,64
07/06/2002;0,00;0,71
08/06/2002;0,98;1,01
09/06/2002;0,63;0,91
10/06/2002;0,72;0,81
11/06/2002;0,50;0,71
12/06/2002;0,66;0,63
13/06/2002;0,68;0,63
14/06/2002;0,52;0,62
15/06/2002;0,52;0,61
16/06/2002;0,52;0,61
17/06/2002;0,52;0,60
18/06/2002;0,52;0,60
19/06/2002;0,47;0,60
20/06/2002;0,46;0,60
21/06/2002;0,46;0,61
22/06/2002;0,43;0,63
23/06/2002;0,39;0,63
24/06/2002;0,39;0,63
25/06/2002;0,38;0,63
26/06/2002;0,37;0,62
27/06/2002;0,36;0,63
28/06/2002;0,34;0,62
29/06/2002;0,24;0,61
30/06/2002;0,00;0,62
01/07/2002;0,00;0,61
02/07/2002;0,00;0,61
03/07/2002;0,00;0,62
04/07/2002;0,00;0,60
05/07/2002;0,00;0,63
06/07/2002;0,00;0,62
07/07/2002;0,00;0,60
08/07/2002;0,00;0,61
09/07/2002;0,00;0,79
10/07/2002;0,01;0,61
11/07/2002;0,19;0,59
12/07/2002;0,31;0,59
13/07/2002;0,30;0,57
14/07/2002;0,29;0,56
15/07/2002;0,27;0,55
16/07/2002;0,33;0,55
17/07/2002;0,46;0,55
18/07/2002;0,31;0,54
19/07/2002;0,24;0,54
20/07/2002;0,25;0,53
21/07/2002;0,21;0,53
22/07/2002;0,19;0,53
23/07/2002;0,18;0,53
24/07/2002;0,22;0,52
25/07/2002;0,18;0,52
26/07/2002;0,17;0,50
27/07/2002;0,16;0,50
28/07/2002;0,15;0,50
29/07/2002;0,15;0,50
30/07/2002;0,14;0,49
31/07/2002;0,14;0,48
01/08/2002;0,14;3,43
02/08/2002;5,58;0,66
03/08/2002;5,13;0,61
04/08/2002;3,16;0,59
05/08/2002;0,00;0,58
06/08/2002;0,00;0,56
07/08/2002;0,00;0,53
08/08/2002;0,00;0,64
09/08/2002;0,00;0,59
10/08/2002;0,00;0,52
11/08/2002;0,00;0,52
12/08/2002;0,00;0,54
13/08/2002;0,00;0,53
14/08/2002;0,00;0,53
15/08/2002;0,00;0,52
16/08/2002;0,00;0,52
17/08/2002;0,00;0,52
18/08/2002;0,00;0,52
19/08/2002;0,00;0,52
20/08/2002;0,00;0,52
21/08/2002;0,00;0,50
22/08/2002;0,00;0,44
23/08/2002;0,10;0,48
24/08/2002;0,30;0,45
25/08/2002;0,25;0,44
26/08/2002;0,21;0,44
27/08/2002;0,22;0,44
28/08/2002;0,20;0,42
29/08/2002;0,19;0,42
30/08/2002;0,19;0,42
31/08/2002;0,17;0,42
01/09/2002;0,17;0,42
02/09/2002;0,16;0,41
03/09/2002;0,17;0,40
04/09/2002;0,16;0,37
05/09/2002;0,13;0,36
06/09/2002;0,11;0,35
07/09/2002;0,11;0,36
08/09/2002;0,13;0,35
09/09/2002;0,12;0,35
10/09/2002;0,12;0,35
11/09/2002;0,09;0,33
12/09/2002;0,08;0,34
13/09/2002;0,07;0,33
14/09/2002;0,08;0,33
15/09/2002;0,08;0,33
16/09/2002;0,20;0,33
17/09/2002;0,15;0,32
18/09/2002;0,10;0,32
19/09/2002;0,06;0,30
20/09/2002;0,05;0,31
21/09/2002;0,09;0,30
22/09/2002;0,12;0,29
23/09/2002;0,11;0,29
24/09/2002;0,09;0,39
25/09/2002;0,11;0,56
26/09/2002;0,13;0,49
27/09/2002;0,11;0,43
28/09/2002;0,11;0,29
29/09/2002;0,11;0,28
30/09/2002;0,11;0,28
01/10/2002;0,12;0,31
02/10/2002;0,19;0,28
03/10/2002;0,07;0,27
04/10/2002;0,04;0,27
05/10/2002;0,04;0,27
06/10/2002;0,04;0,27
07/10/2002;0,04;0,27
08/10/2002;0,04;0,28
09/10/2002;0,06;0,46
10/10/2002;0,37;0,30
11/10/2002;0,15;0,29
12/10/2002;0,11;0,28
13/10/2002;0,09;0,45
14/10/2002;0,41;0,34
15/10/2002;0,23;0,43
16/10/2002;0,33;0,55
17/10/2002;0,23;0,34
18/10/2002;0,15;0,33
19/10/2002;0,15;0,32
20/10/2002;0,15;0,31
21/10/2002;0,15;0,32
22/10/2002;0,14;0,57
23/10/2002;0,13;0,37
24/10/2002;0,07;1,83
25/10/2002;1,31;0,72
26/10/2002;0,95;0,50
27/10/2002;0,60;0,59
28/10/2002;0,54;0,66
29/10/2002;0,43;0,56
30/10/2002;0,34;0,46
31/10/2002;0,20;0,46
01/11/2002;0,19;0,50
02/11/2002;0,44;1,27
03/11/2002;0,84;0,82
04/11/2002;0,10;0,83
05/11/2002;0,11;0,81
06/11/2002;0,10;0,80
07/11/2002;0,44;0,62
08/11/2002;0,50;0,87
09/11/2002;1,08;0,74
10/11/2002;0,65;0,79
11/11/2002;0,83;0,78
12/11/2002;0,62;0,81
13/11/2002;0,88;2,46
14/11/2002;2,62;1,06
15/11/2002;1,50;1,01
16/11/2002;1,59;1,51
17/11/2002;2,01;1,17
18/11/2002;1,48;1,07
19/11/2002;1,64;1,28
20/11/2002;2,54;1,16
21/11/2002;2,28;1,29
22/11/2002;2,61;1,22
23/11/2002;2,49;1,21
24/11/2002;2,41;1,19
25/11/2002;2,16;1,18
26/11/2002;2,03;1,16
27/11/2002;2,05;1,18
28/11/2002;13,28;1,23
29/11/2002;2,61;1,29
30/11/2002;2,69;1,26
01/12/2002;2,49;1,82
02/12/2002;3,89;1,65
03/12/2002;3,42;1,54
04/12/2002;2,93;1,50
05/12/2002;2,93;1,42
06/12/2002;2,83;1,33
07/12/2002;2,69;1,33
08/12/2002;2,67;1,33
09/12/2002;2,66;1,32
10/12/2002;2,59;1,29
11/12/2002;2,55;1,28
12/12/2002;2,59;1,28
13/12/2002;2,56;1,28
14/12/2002;2,43;1,34
15/12/2002;2,92;1,49
16/12/2002;3,16;1,39
17/12/2002;2,60;1,31
18/12/2002;2,40;1,22
19/12/2002;2,26;1,22
20/12/2002;2,20;1,20
21/12/2002;2,24;2,95
22/12/2002;4,90;1,99
23/12/2002;4,48;1,64
24/12/2002;3,85;1,54
25/12/2002;3,63;1,64
26/12/2002;4,06;2,26
27/12/2002;4,95;1,90
28/12/2002;4,25;1,76
29/12/2002;4,06;1,91
30/12/2002;4,62;2,10
31/12/2002;4,90;2,16
01/01/2003;4,68;2,32
02/01/2003;5,08;2,71
03/01/2003;5,55;2,35
04/01/2003;5,28;2,25
05/01/2003;4,83;2,22
06/01/2003;4,55;2,14
07/01/2003;4,37;2,05
08/01/2003;4,24;1,89
09/01/2003;4,01;1,71
10/01/2003;3,82;1,68
11/01/2003;3,75;1,65
12/01/2003;3,58;1,69
13/01/2003;3,44;1,76
14/01/2003;3,39;1,80
15/01/2003;3,27;1,44
16/01/2003;3,17;1,37
17/01/2003;3,09;1,40
18/01/2003;3,29;1,81
19/01/2003;4,41;2,47
20/01/2003;5,58;2,81
21/01/2003;6,09;2,19
22/01/2003;5,21;1,90
23/01/2003;4,50;1,78
24/01/2003;4,07;1,70
25/01/2003;3,85;1,68
26/01/2003;3,87;1,68
27/01/2003;3,84;1,62
28/01/2003;3,80;1,63
29/01/2003;3,72;1,64
30/01/2003;3,54;1,61
31/01/2003;3,78;1,57
01/02/2003;3,49;1,70
02/02/2003;3,97;1,55
03/02/2003;3,32;2,70
04/02/2003;5,44;1,79
05/02/2003;3,70;1,65
06/02/2003;3,30;1,62
07/02/2003;3,47;1,58
08/02/2003;3,28;1,54
09/02/2003;3,10;1,52
10/02/2003;3,27;1,47
11/02/2003;3,07;1,55
12/02/2003;3,40;1,43
13/02/2003;2,92;1,37
14/02/2003;2,81;1,37
15/02/2003;2,76;1,37
16/02/2003;2,72;1,36
17/02/2003;2,64;1,34
18/02/2003;2,57;1,30
19/02/2003;2,46;1,27
20/02/2003;2,40;1,27
21/02/2003;2,58;1,31
22/02/2003;2,36;1,37
23/02/2003;2,23;1,20
24/02/2003;2,17;1,16
25/02/2003;2,07;1,12
26/02/2003;1,94;1,24
27/02/2003;2,57;1,23
28/02/2003;2,14;1,43
01/03/2003;2,85;1,56
02/03/2003;3,07;1,39
03/03/2003;2,56;1,70
04/03/2003;3,29;1,39
05/03/2003;2,62;1,34
06/03/2003;2,51;1,27
07/03/2003;2,38;1,21
08/03/2003;2,36;1,19
09/03/2003;2,30;1,15
10/03/2003;2,23;1,13
11/03/2003;2,23;1,25
12/03/2003;2,57;1,15
13/03/2003;2,21;1,10
14/03/2003;2,10;1,10
15/03/2003;2,04;1,10
16/03/2003;2,01;1,10
17/03/2003;1,97;1,10
18/03/2003;1,95;1,05
19/03/2003;1,93;1,02
20/03/2003;1,91;1,02
21/03/2003;1,89;1,02
22/03/2003;1,89;1,02
23/03/2003;1,87;1,01
24/03/2003;1,85;0,96
25/03/2003;1,83;0,90
26/03/2003;1,79;0,91
27/03/2003;1,57;0,90
28/03/2003;1,42;0,90
29/03/2003;1,40;0,90
30/03/2003;1,36;0,88
31/03/2003;1,29;0,86
01/04/2003;1,24;0,86
02/04/2003;1,22;0,82
03/04/2003;1,18;0,79
04/04/2003;1,13;0,78
05/04/2003;1,09;0,76
06/04/2003;1,06;0,70
07/04/2003;1,04;0,65
08/04/2003;0,97;0,64
09/04/2003;0,95;0,62
10/04/2003;0,94;0,60
11/04/2003;0,95;0,60
12/04/2003;0,92;0,60
13/04/2003;0,90;0,60
14/04/2003;0,91;0,59
15/04/2003;0,86;0,58
16/04/2003;0,85;0,58
17/04/2003;0,79;0,61
18/04/2003;0,77;0,61
19/04/2003;0,74;0,63
20/04/2003;0,73;0,64
21/04/2003;0,71;0,61
22/04/2003;0,70;0,61
23/04/2003;0,68;0,59
24/04/2003;0,60;0,59
25/04/2003;0,64;0,60
26/04/2003;0,66;0,59
27/04/2003;0,64;0,58
28/04/2003;0,64;0,57
29/04/2003;0,68;0,61
30/04/2003;0,95;0,56
01/05/2003;0,66;0,54
02/05/2003;0,61;0,55
03/05/2003;0,63;0,54
04/05/2003;0,58;0,54
05/05/2003;0,55;0,54
06/05/2003;0,53;0,53
07/05/2003;0,50;0,52
08/05/2003;0,48;0,52
09/05/2003;0,46;0,52
10/05/2003;0,45;0,52
11/05/2003;0,44;0,50
12/05/2003;0,42;0,49
13/05/2003;0,46;0,49
14/05/2003;0,41;0,49
15/05/2003;0,40;0,50
16/05/2003;0,38;0,51
17/05/2003;0,42;0,52
18/05/2003;0,47;0,51
19/05/2003;0,44;0,54
20/05/2003;0,55;0,50
21/05/2003;0,38;0,51
22/05/2003;0,40;0,49
23/05/2003;0,36;0,49
24/05/2003;0,37;0,51
25/05/2003;0,40;0,51
26/05/2003;0,33;0,52
27/05/2003;0,31;0,52
28/05/2003;0,29;0,54
29/05/2003;0,28;0,47
30/05/2003;0,26;0,47
31/05/2003;0,25;0,46
01/06/2003;0,24;0,45
02/06/2003;0,24;0,44
03/06/2003;0,24;0,44
04/06/2003;0,23;0,44
05/06/2003;0,22;0,36
06/06/2003;0,19;0,34
07/06/2003;0,18;0,39
08/06/2003;0,18;0,39
09/06/2003;0,18;0,39
10/06/2003;0,17;0,37
11/06/2003;0,17;0,37
12/06/2003;0,17;0,58
13/06/2003;0,20;0,89
14/06/2003;0,28;0,93
15/06/2003;0,22;1,00
16/06/2003;0,20;0,91
17/06/2003;0,21;0,95
18/06/2003;0,19;0,58
19/06/2003;0,15;0,35
20/06/2003;0,11;0,35
21/06/2003;0,11;0,35
22/06/2003;0,11;0,33
23/06/2003;0,11;0,36
24/06/2003;0,11;0,36
25/06/2003;0,11;0,33
26/06/2003;0,16;0,32
27/06/2003;0,17;0,31
28/06/2003;0,15;0,31
29/06/2003;0,11;0,31
30/06/2003;0,09;0,31
01/07/2003;0,16;0,31
02/07/2003;0,15;0,33
03/07/2003;0,09;0,33
04/07/2003;0,10;0,33
05/07/2003;0,07;0,33
06/07/2003;0,08;0,33
07/07/2003;0,07;0,32
08/07/2003;0,03;0,31
09/07/2003;0,04;0,31
10/07/2003;0,03;0,31
11/07/2003;0,04;0,31
12/07/2003;0,03;0,31
13/07/2003;0,02;0,30
14/07/2003;0,01;0,31
15/07/2003;0,01;0,31
16/07/2003;0,01;0,31
17/07/2003;0,04;0,31
18/07/2003;0,02;0,32
19/07/2003;0,01;0,31
20/07/2003;0,01;0,31
21/07/2003;0,01;0,30
22/07/2003;0,02;0,29
23/07/2003;0,01;0,27
24/07/2003;0,02;0,24
25/07/2003;0,03;0,31
26/07/2003;0,23;0,31
27/07/2003;0,09;0,30
28/07/2003;0,06;0,29
29/07/2003;0,03;0,27
30/07/2003;0,02;0,25
31/07/2003;0,02;0,25
01/08/2003;0,01;0,25
02/08/2003;0,00;0,25
03/08/2003;0,00;0,25
04/08/2003;0,00;0,24
05/08/2003;0,00;0,25
06/08/2003;0,00;0,25
07/08/2003;0,00;0,26
08/08/2003;0,00;0,27
09/08/2003;0,00;0,27
10/08/2003;0,00;0,30
11/08/2003;0,00;0,26
12/08/2003;0,00;0,24
13/08/2003;0,00;0,24
14/08/2003;0,00;0,23
15/08/2003;0,00;0,23
16/08/2003;0,00;0,23
17/08/2003;0,00;0,23
18/08/2003;0,00;0,23
19/08/2003;0,00;0,23
20/08/2003;0,00;0,22
21/08/2003;0,00;0,20
22/08/2003;0,00;0,19
23/08/2003;0,00;0,19
24/08/2003;0,00;0,19
25/08/2003;0,00;0,19
26/08/2003;0,00;0,20
27/08/2003;0,00;0,19
28/08/2003;0,00;0,19
29/08/2003;0,00;0,18
30/08/2003;0,00;0,18
31/08/2003;0,00;0,18
01/09/2003;0,00;0,18
02/09/2003;0,00;0,17
03/09/2003;0,00;0,16
04/09/2003;0,00;0,15
05/09/2003;0,00;0,15
06/09/2003;0,00;0,15
07/09/2003;0,00;0,17
08/09/2003;0,00;0,22
09/09/2003;0,00;0,20
10/09/2003;0,00;0,19
11/09/2003;0,00;0,18
12/09/2003;0,00;0,16
13/09/2003;0,00;0,16
14/09/2003;0,00;0,16
15/09/2003;0,00;0,16
16/09/2003;0,00;0,16
17/09/2003;0,00;0,24
18/09/2003;0,00;0,27
19/09/2003;0,00;0,26
20/09/2003;0,00;0,26
21/09/2003;0,00;0,16
22/09/2003;0,00;0,15
23/09/2003;0,00;0,15
24/09/2003;0,00;0,14
25/09/2003;0,00;0,14
26/09/2003;0,00;0,14
27/09/2003;0,00;0,14
28/09/2003;0,00;0,13
29/09/2003;0,00;0,13
30/09/2003;0,00;0,13
01/10/2003;0,00;0,20
02/10/2003;0,00;0,42
03/10/2003;0,38;0,23
04/10/2003;0,00;0,21
05/10/2003;0,00;0,20
06/10/2003;0,00;0,19
07/10/2003;0,00;0,19
08/10/2003;0,00;0,19
09/10/2003;0,00;0,14
10/10/2003;0,00;0,12
11/10/2003;0,00;0,12
12/10/2003;0,00;0,12
13/10/2003;0,00;0,16
14/10/2003;0,00;0,15
15/10/2003;0,00;0,16
16/10/2003;0,00;0,17
17/10/2003;0,00;0,13
18/10/2003;0,00;0,12
19/10/2003;0,00;0,13
20/10/2003;0,00;0,15
21/10/2003;0,00;0,16
22/10/2003;0,00;0,13
23/10/2003;0,00;0,16
24/10/2003;0,00;0,17
25/10/2003;0,00;0,17
26/10/2003;0,00;0,17
27/10/2003;0,00;0,17
28/10/2003;0,00;0,17
29/10/2003;0,00;0,31
30/10/2003;0,00;0,42
31/10/2003;0,00;0,32
01/11/2003;0,00;0,38
02/11/2003;0,00;0,30
03/11/2003;0,00;0,23
04/11/2003;0,00;0,20
05/11/2003;0,00;0,18
06/11/2003;0,00;0,14
07/11/2003;0,00;0,16
08/11/2003;0,00;0,18
09/11/2003;0,00;0,17
10/11/2003;0,00;0,16
11/11/2003;0,00;0,18
12/11/2003;0,00;0,18
13/11/2003;0,00;0,16
14/11/2003;0,00;0,19
15/11/2003;0,00;0,15
16/11/2003;0,00;0,15
17/11/2003;0,00;0,14
18/11/2003;0,00;0,14
19/11/2003;0,00;0,13
20/11/2003;0,00;0,13
21/11/2003;0,00;0,14
22/11/2003;0,00;0,30
23/11/2003;0,12;0,57
24/11/2003;0,39;0,46
25/11/2003;0,00;0,44
26/11/2003;0,00;0,36
27/11/2003;0,06;0,31
28/11/2003;0,02;0,31
29/11/2003;0,00;0,36
30/11/2003;0,19;0,37
01/12/2003;0,03;0,36
02/12/2003;0,06;0,35
03/12/2003;0,01;0,34
04/12/2003;0,04;1,79
05/12/2003;0,09;2,09
06/12/2003;0,10;2,09
07/12/2003;0,10;2,09
08/12/2003;0,06;2,12
09/12/2003;0,05;2,16
10/12/2003;0,05;1,07
11/12/2003;0,03;0,37
12/12/2003;0,21;0,37
13/12/2003;0,13;0,59
14/12/2003;0,22;0,73
15/12/2003;0,18;0,73
16/12/2003;0,14;0,73
17/12/2003;0,12;0,52
18/12/2003;0,07;0,34
19/12/2003;0,03;0,33
20/12/2003;0,03;0,33
21/12/2003;0,08;0,33
22/12/2003;0,03;0,33
23/12/2003;0,02;0,33
24/12/2003;0,04;0,32
25/12/2003;0,06;0,32
26/12/2003;0,05;0,32
27/12/2003;0,07;0,51
28/12/2003;0,64;0,79
29/12/2003;0,26;1,80
30/12/2003;1,38;1,80
31/12/2003;0,25;1,80
01/01/2004;0,28;1,75
02/01/2004;0,53;1,71
03/01/2004;0,32;1,66
04/01/2004;0,31;1,63
05/01/2004;0,31;1,63
06/01/2004;0,30;1,04
07/01/2004;0,30;0,53
08/01/2004;0,38;0,72
09/01/2004;1,49;0,66
10/01/2004;0,62;0,69
11/01/2004;0,62;0,80
12/01/2004;0,92;1,71
13/01/2004;1,82;3,21
14/01/2004;2,86;2,06
15/01/2004;1,95;1,03
16/01/2004;2,11;1,01
17/01/2004;2,10;1,08
18/01/2004;2,48;1,04
19/01/2004;1,93;1,17
20/01/2004;1,89;1,13
21/01/2004;1,79;0,89
22/01/2004;1,72;1,18
23/01/2004;3,69;1,41
24/01/2004;3,18;1,75
25/01/2004;2,77;2,27
26/01/2004;4,95;1,29
27/01/2004;4,61;1,21
28/01/2004;4,47;1,17
29/01/2004;3,61;1,13
30/01/2004;2,88;1,13
31/01/2004;2,82;1,29
01/02/2004;3,84;1,23
02/02/2004;3,00;1,20
03/02/2004;2,88;1,19
04/02/2004;2,75;1,16
05/02/2004;2,61;1,14
06/02/2004;2,54;1,14
07/02/2004;2,50;1,14
08/02/2004;2,47;1,13
09/02/2004;2,43;1,12
10/02/2004;2,37;1,11
11/02/2004;2,31;1,08
12/02/2004;2,23;1,06
13/02/2004;2,20;1,04
14/02/2004;2,15;1,02
15/02/2004;2,10;1,02
16/02/2004;2,03;1,02
17/02/2004;1,93;1,00
18/02/2004;1,86;0,98
19/02/2004;1,79;0,99
20/02/2004;1,76;1,02
21/02/2004;1,80;1,00
22/02/2004;1,99;0,94
23/02/2004;2,38;0,90
24/02/2004;2,07;0,90
25/02/2004;2,01;0,89
26/02/2004;1,82;0,88
27/02/2004;1,59;0,88
28/02/2004;1,61;0,86
29/02/2004;1,45;0,85
01/03/2004;1,36;0,83
02/03/2004;1,30;0,83
03/03/2004;1,27;0,83
04/03/2004;1,35;0,90
05/03/2004;2,14;0,90
06/03/2004;1,79;0,88
07/03/2004;1,64;0,86
08/03/2004;1,55;0,84
09/03/2004;1,54;0,83
10/03/2004;1,51;0,76
11/03/2004;1,32;0,78
12/03/2004;1,83;0,82
13/03/2004;1,65;0,75
14/03/2004;1,25;0,81
15/03/2004;1,41;0,77
16/03/2004;1,30;0,75
17/03/2004;1,15;0,81
18/03/2004;1,07;0,83
19/03/2004;1,05;0,82
20/03/2004;1,23;0,81
21/03/2004;1,36;0,81
22/03/2004;1,58;0,81
23/03/2004;1,57;0,83
24/03/2004;1,60;0,81
25/03/2004;1,36;0,80
26/03/2004;1,03;0,79
27/03/2004;1,03;0,79
28/03/2004;1,03;0,78
29/03/2004;1,03;0,75
30/03/2004;1,00;0,75
31/03/2004;0,96;0,75
01/04/2004;0,95;0,75
02/04/2004;1,01;0,74
03/04/2004;1,02;0,73
04/04/2004;1,01;0,73
05/04/2004;0,98;0,73
06/04/2004;0,95;0,73
07/04/2004;0,93;0,71
08/04/2004;0,91;0,69
09/04/2004;0,88;0,69
10/04/2004;0,86;0,69
11/04/2004;0,81;0,69
12/04/2004;0,79;0,69
13/04/2004;0,77;0,69
14/04/2004;0,74;0,69
15/04/2004;0,71;0,68
16/04/2004;0,70;0,67
17/04/2004;0,70;0,68
18/04/2004;0,71;0,72
19/04/2004;1,31;0,75
20/04/2004;2,05;0,72
21/04/2004;1,76;0,71
22/04/2004;1,71;0,69
23/04/2004;1,32;0,69
24/04/2004;1,20;0,69
25/04/2004;1,08;0,69
26/04/2004;0,97;0,69
27/04/2004;0,95;0,69
28/04/2004;0,95;0,67
29/04/2004;0,85;0,65
30/04/2004;0,71;0,65
01/05/2004;0,74;0,65
02/05/2004;0,70;0,64
03/05/2004;0,63;0,63
04/05/2004;0,60;0,64
05/05/2004;0,74;0,65
06/05/2004;0,75;0,63
07/05/2004;0,65;0,63
08/05/2004;0,63;0,63
09/05/2004;0,59;0,63
10/05/2004;0,59;0,63
11/05/2004;0,55;0,63
12/05/2004;0,58;0,58
13/05/2004;0,48;0,52
14/05/2004;0,46;0,52
15/05/2004;0,45;0,52
16/05/2004;0,45;0,52
17/05/2004;0,43;0,52
18/05/2004;0,42;0,51
19/05/2004;0,40;0,52
20/05/2004;0,40;0,52
21/05/2004;0,38;0,52
22/05/2004;0,38;0,51
23/05/2004;0,44;0,50
24/05/2004;0,37;0,50
25/05/2004;0,36;0,50
26/05/2004;0,33;0,50
27/05/2004;0,33;0,54
28/05/2004;0,32;0,67
29/05/2004;0,38;1,21
30/05/2004;0,43;1,26
31/05/2004;0,36;1,33
01/06/2004;0,47;1,34
02/06/2004;0,38;0,81
03/06/2004;0,33;0,47
04/06/2004;0,31;0,47
05/06/2004;0,30;0,46
06/06/2004;0,30;0,45
07/06/2004;0,28;0,44
08/06/2004;0,26;0,44
09/06/2004;0,26;0,44
10/06/2004;0,25;0,44
11/06/2004;0,26;0,43
12/06/2004;0,24;0,42
13/06/2004;0,23;0,42
14/06/2004;0,22;0,42
15/06/2004;0,21;0,42
16/06/2004;0,21;0,41
17/06/2004;0,19;0,41
18/06/2004;0,13;0,42
19/06/2004;0,15;0,42
20/06/2004;0,14;0,41
21/06/2004;0,14;0,40
22/06/2004;0,14;0,42
23/06/2004;0,38;0,39
24/06/2004;0,18;0,39
25/06/2004;0,16;0,39
26/06/2004;0,16;0,39
27/06/2004;0,17;0,38
28/06/2004;0,16;0,37
29/06/2004;0,13;0,37
30/06/2004;0,11;0,37
01/07/2004;0,11;0,36
02/07/2004;0,14;0,35
03/07/2004;0,16;0,35
04/07/2004;0,16;0,38
05/07/2004;0,42;0,35
06/07/2004;0,23;0,34
07/07/2004;0,11;0,54
08/07/2004;1,46;0,43
09/07/2004;0,28;0,41
10/07/2004;0,16;0,39
11/07/2004;0,13;0,39
12/07/2004;0,14;0,39
13/07/2004;0,12;0,38
14/07/2004;0,10;0,37
15/07/2004;0,10;0,35
16/07/2004;0,09;0,35
17/07/2004;0,12;0,35
18/07/2004;0,13;0,37
19/07/2004;0,18;0,35
20/07/2004;0,08;0,34
21/07/2004;0,09;0,34
22/07/2004;0,08;0,34
23/07/2004;0,08;0,33
24/07/2004;0,07;0,33
25/07/2004;0,06;0,33
26/07/2004;0,06;0,33
27/07/2004;0,06;0,33
28/07/2004;0,06;0,33
29/07/2004;0,05;0,33
30/07/2004;0,05;0,32
31/07/2004;0,04;0,31
01/08/2004;0,03;0,31
02/08/2004;0,03;0,31
03/08/2004;0,03;0,31
04/08/2004;0,02;0,31
05/08/2004;0,03;0,31
06/08/2004;0,02;0,31
07/08/2004;0,03;0,30
08/08/2004;0,03;0,29
09/08/2004;0,05;0,29
10/08/2004;0,05;0,30
11/08/2004;0,04;0,33
12/08/2004;0,09;0,31
13/08/2004;0,08;0,29
14/08/2004;0,03;0,29
15/08/2004;0,02;0,44
16/08/2004;0,81;0,39
17/08/2004;0,18;0,35
18/08/2004;0,10;0,43
19/08/2004;0,19;0,92
20/08/2004;0,10;0,82
21/08/2004;0,08;0,35
22/08/2004;0,06;0,33
23/08/2004;0,07;0,33
24/08/2004;0,09;0,34
25/08/2004;0,08;0,33
26/08/2004;0,08;0,31
27/08/2004;0,05;0,31
28/08/2004;0,06;0,33
29/08/2004;0,07;0,32
30/08/2004;0,05;0,32
31/08/2004;0,03;0,31
01/09/2004;0,03;0,31
02/09/2004;0,02;0,31
03/09/2004;0,03;0,29
04/09/2004;0,02;0,28
05/09/2004;0,02;0,25
06/09/2004;0,02;0,29
07/09/2004;0,02;0,32
08/09/2004;0,01;0,31
09/09/2004;0,00;0,31
10/09/2004;0,00;0,31
11/09/2004;0,01;0,31
12/09/2004;0,01;0,31
13/09/2004;0,00;0,35
14/09/2004;0,07;0,33
15/09/2004;0,02;0,33
16/09/2004;0,00;0,33
17/09/2004;0,00;0,33
18/09/2004;0,00;0,33
19/09/2004;0,01;0,32
20/09/2004;0,00;0,31
21/09/2004;0,00;0,31
22/09/2004;0,00;0,31
23/09/2004;0,00;0,30
24/09/2004;0,00;0,29
25/09/2004;0,00;0,29
26/09/2004;0,00;0,29
27/09/2004;0,00;0,29
28/09/2004;0,00;0,29
29/09/2004;0,00;0,29
30/09/2004;0,00;0,29
01/10/2004;0,00;0,28
02/10/2004;0,00;0,28
03/10/2004;0,00;0,27
04/10/2004;0,00;0,26
05/10/2004;0,00;0,24
06/10/2004;0,00;0,23
07/10/2004;0,00;0,20
08/10/2004;0,00;0,27
09/10/2004;0,00;0,79
10/10/2004;0,00;0,81
11/10/2004;0,00;0,79
12/10/2004;0,00;0,78
13/10/2004;0,00;0,90
14/10/2004;0,00;0,49
15/10/2004;0,02;0,29
16/10/2004;0,03;0,60
17/10/2004;0,00;0,53
18/10/2004;0,00;0,56
19/10/2004;0,00;0,55
20/10/2004;0,00;0,54
21/10/2004;0,47;0,32
22/10/2004;0,03;0,30
23/10/2004;0,02;0,34
24/10/2004;0,17;0,34
25/10/2004;0,17;0,36
26/10/2004;0,18;0,36
27/10/2004;0,09;0,37
28/10/2004;0,11;0,38
29/10/2004;0,11;0,40
30/10/2004;0,08;0,44
31/10/2004;0,15;0,44
01/11/2004;0,07;0,44
02/11/2004;0,05;0,44
03/11/2004;0,06;0,40
04/11/2004;0,07;0,37
05/11/2004;0,08;0,37
06/11/2004;0,07;0,37
07/11/2004;0,05;0,37
08/11/2004;0,03;0,37
09/11/2004;0,03;0,38
10/11/2004;0,02;0,53
11/11/2004;0,09;0,65
12/11/2004;0,10;0,86
13/11/2004;0,21;0,91
14/11/2004;0,19;0,97
15/11/2004;0,16;0,95
16/11/2004;0,14;0,92
17/11/2004;0,14;0,40
18/11/2004;0,08;0,33
19/11/2004;0,07;0,33
20/11/2004;0,04;0,33
21/11/2004;0,00;0,33
22/11/2004;0,00;0,33
23/11/2004;0,00;0,33
24/11/2004;0,01;0,33
25/11/2004;0,01;0,33
26/11/2004;0,01;0,33
27/11/2004;0,00;0,33
28/11/2004;0,00;0,34
29/11/2004;0,06;0,33
30/11/2004;0,02;0,33
01/12/2004;0,04;0,33
02/12/2004;0,05;0,32
03/12/2004;0,04;0,31
04/12/2004;0,04;0,31
05/12/2004;0,04;0,31
06/12/2004;0,05;0,31
07/12/2004;0,05;0,30
08/12/2004;0,05;0,27
09/12/2004;0,05;0,30
10/12/2004;0,04;0,30
11/12/2004;0,04;0,29
12/12/2004;0,03;0,29
13/12/2004;0,04;0,29
14/12/2004;0,06;0,29
15/12/2004;0,04;0,29
16/12/2004;0,05;0,29
17/12/2004;0,09;0,32
18/12/2004;0,11;0,32
19/12/2004;0,08;0,37
20/12/2004;0,26;0,35
21/12/2004;0,17;0,34
22/12/2004;0,11;0,31
23/12/2004;0,08;0,31
24/12/2004;0,08;0,34
25/12/2004;0,16;0,38
26/12/2004;0,19;0,39
27/12/2004;0,19;0,33
28/12/2004;0,10;0,37
29/12/2004;0,60;0,37
30/12/2004;0,22;0,36
31/12/2004;0,20;0,38
01/01/2005;0,19;0,37
02/01/2005;0,21;0,39
03/01/2005;0,25;0,42
04/01/2005;0,16;0,43
05/01/2005;0,17;0,42
06/01/2005;0,15;0,45
07/01/2005;0,14;0,46
08/01/2005;0,13;0,44
09/01/2005;0,21;0,44
10/01/2005;0,15;0,52
11/01/2005;0,30;0,52
12/01/2005;0,39;0,52
13/01/2005;0,22;0,52
14/01/2005;0,18;0,57
15/01/2005;0,43;0,55
16/01/2005;0,31;0,54
17/01/2005;0,23;0,52
18/01/2005;0,24;0,52
19/01/2005;0,55;0,52
20/01/2005;0,39;0,52
21/01/2005;0,33;0,52
22/01/2005;0,33;0,52
23/01/2005;0,33;0,52
24/01/2005;0,42;0,53
25/01/2005;0,36;0,54
26/01/2005;0,35;0,54
27/01/2005;0,40;0,54
28/01/2005;0,44;0,54
29/01/2005;0,44;0,54
30/01/2005;0,44;0,54
31/01/2005;0,44;0,53
01/02/2005;0,46;0,52
02/02/2005;0,46;0,56
03/02/2005;0,42;0,55
04/02/2005;0,41;0,57
05/02/2005;0,43;0,57
06/02/2005;0,46;0,56
07/02/2005;0,44;0,54
08/02/2005;0,43;0,54
09/02/2005;0,43;0,54
10/02/2005;0,40;0,54
11/02/2005;0,44;0,54
12/02/2005;0,77;0,54
13/02/2005;0,63;0,54
14/02/2005;0,58;0,54
15/02/2005;0,48;0,54
16/02/2005;0,44;0,53
17/02/2005;0,42;0,52
18/02/2005;0,43;0,52
19/02/2005;0,41;0,52
20/02/2005;0,41;0,52
21/02/2005;0,41;0,53
22/02/2005;0,41;0,52
23/02/2005;0,41;0,52
24/02/2005;0,41;0,53
25/02/2005;0,40;0,54
26/02/2005;0,40;0,54
27/02/2005;0,38;0,54
28/02/2005;0,37;0,50
01/03/2005;0,37;0,50
02/03/2005;0,44;0,50
03/03/2005;0,53;0,49
04/03/2005;0,40;0,50
05/03/2005;0,39;0,49
06/03/2005;0,38;0,48
07/03/2005;0,37;0,47
08/03/2005;0,35;0,46
09/03/2005;0,36;0,46
10/03/2005;0,34;0,46
11/03/2005;0,35;0,46
12/03/2005;0,37;0,49
13/03/2005;0,37;0,74
14/03/2005;0,36;0,70
15/03/2005;0,36;0,51
16/03/2005;0,37;0,44
17/03/2005;0,34;0,44
18/03/2005;0,30;0,44
19/03/2005;0,30;0,45
20/03/2005;0,30;0,39
21/03/2005;0,29;0,35
22/03/2005;0,32;0,35
23/03/2005;0,34;0,35
24/03/2005;0,29;0,35
25/03/2005;0,28;0,35
26/03/2005;0,26;0,35
27/03/2005;0,27;0,35
28/03/2005;0,24;0,35
29/03/2005;0,25;0,35
30/03/2005;0,27;0,38
31/03/2005;0,37;0,40
01/04/2005;0,28;0,39
02/04/2005;0,27;0,38
03/04/2005;0,26;0,38
04/04/2005;0,26;0,39
05/04/2005;0,26;0,38
06/04/2005;0,25;0,38
07/04/2005;0,25;0,42
08/04/2005;0,25;0,44
09/04/2005;0,27;0,44
10/04/2005;0,25;0,44
11/04/2005;0,25;0,64
12/04/2005;0,25;0,53
13/04/2005;0,25;0,52
14/04/2005;0,27;0,49
15/04/2005;0,26;0,49
16/04/2005;0,30;0,49
17/04/2005;0,23;0,50
18/04/2005;0,30;0,49
19/04/2005;0,41;0,48
20/04/2005;0,35;0,47
21/04/2005;0,28;0,44
22/04/2005;0,24;0,43
23/04/2005;0,89;0,42
24/04/2005;0,40;0,42
25/04/2005;0,32;0,42
26/04/2005;0,31;0,42
27/04/2005;0,31;0,42
28/04/2005;0,27;0,42
29/04/2005;0,39;0,42
30/04/2005;0,36;0,42
01/05/2005;0,31;0,44
02/05/2005;0,25;0,44
03/05/2005;0,27;0,47
04/05/2005;0,31;0,50
05/05/2005;0,24;0,49
06/05/2005;0,20;0,49
07/05/2005;0,19;0,45
08/05/2005;0,18;0,42
09/05/2005;0,18;0,42
10/05/2005;0,17;0,42
11/05/2005;0,19;0,42
12/05/2005;0,27;0,43
13/05/2005;0,22;0,42
14/05/2005;0,19;0,42
15/05/2005;0,16;0,41
16/05/2005;0,19;0,40
17/05/2005;0,17;0,39
18/05/2005;0,16;0,39
19/05/2005;0,16;0,39
20/05/2005;0,39;0,39
21/05/2005;0,28;0,39
22/05/2005;0,22;0,39
23/05/2005;0,23;0,39
24/05/2005;0,19;0,39
25/05/2005;0,18;0,39
26/05/2005;0,17;0,41
27/05/2005;0,16;0,37
28/05/2005;0,15;0,35
29/05/2005;0,15;0,35
30/05/2005;0,15;0,36
31/05/2005;0,15;0,35
01/06/2005;0,14;0,35
02/06/2005;0,14;0,35
03/06/2005;0,17;0,35
04/06/2005;0,23;0,36
05/06/2005;0,31;0,34
06/06/2005;0,31;0,33
07/06/2005;0,13;0,33
08/06/2005;0,10;0,33
09/06/2005;0,12;0,33
10/06/2005;0,20;0,33
11/06/2005;0,16;0,33
12/06/2005;0,13;0,32
13/06/2005;0,13;0,32
14/06/2005;0,11;0,32
15/06/2005;0,11;0,31
16/06/2005;0,23;0,30
17/06/2005;0,09;0,32
18/06/2005;0,08;0,31
19/06/2005;0,08;0,31
20/06/2005;0,08;0,31
21/06/2005;0,08;0,31
22/06/2005;0,08;0,31
23/06/2005;0,07;0,30
24/06/2005;0,09;0,29
25/06/2005;0,06;0,29
26/06/2005;0,05;0,29
27/06/2005;0,06;0,29
28/06/2005;0,05;0,28
29/06/2005;0,06;0,27
30/06/2005;0,10;0,27
01/07/2005;0,08;0,27
02/07/2005;0,10;0,27
03/07/2005;0,13;0,27
04/07/2005;0,13;0,27
05/07/2005;0,09;0,26
06/07/2005;0,09;0,26
07/07/2005;0,06;0,26
08/07/2005;0,04;0,25
09/07/2005;0,04;0,25
10/07/2005;0,05;0,25
11/07/2005;0,03;0,25
12/07/2005;0,02;0,26
13/07/2005;0,01;0,28
14/07/2005;0,00;0,25
15/07/2005;0,00;0,34
16/07/2005;0,00;0,33
17/07/2005;0,00;0,30
18/07/2005;0,00;0,29
19/07/2005;0,00;0,29
20/07/2005;0,00;0,29
21/07/2005;0,00;0,28
22/07/2005;0,00;0,27
23/07/2005;0,00;0,27
24/07/2005;0,05;0,27
25/07/2005;0,21;0,27
26/07/2005;0,01;0,26
27/07/2005;0,43;0,22
28/07/2005;0,09;0,21
29/07/2005;0,04;0,21
30/07/2005;0,02;0,21
31/07/2005;0,01;0,20
01/08/2005;0,01;0,25
02/08/2005;0,00;0,30
03/08/2005;0,01;0,55
04/08/2005;0,00;0,45
05/08/2005;0,00;0,29
06/08/2005;0,00;0,24
07/08/2005;0,00;0,23
08/08/2005;0,00;0,22
09/08/2005;0,00;0,22
10/08/2005;0,00;0,22
11/08/2005;0,00;0,23
12/08/2005;0,00;0,24
13/08/2005;0,00;0,29
14/08/2005;0,00;0,27
15/08/2005;0,00;0,24
16/08/2005;0,00;0,23
17/08/2005;0,00;0,22
18/08/2005;0,00;0,21
19/08/2005;0,00;0,20
20/08/2005;0,00;0,20
21/08/2005;0,00;0,20
22/08/2005;0,00;0,20
23/08/2005;0,00;0,20
24/08/2005;0,00;0,20
25/08/2005;0,23;0,19
26/08/2005;0,05;0,19
27/08/2005;0,00;0,20
28/08/2005;0,00;0,20
29/08/2005;0,00;0,19
30/08/2005;0,00;0,19
31/08/2005;0,00;0,19
01/09/2005;0,00;0,19
02/09/2005;0,00;0,19
03/09/2005;0,00;0,19
04/09/2005;0,00;0,18
05/09/2005;0,00;0,18
06/09/2005;0,00;0,19
07/09/2005;0,00;0,18
08/09/2005;0,00;0,17
09/09/2005;0,00;0,17
10/09/2005;0,00;0,17
11/09/2005;0,00;0,17
12/09/2005;0,00;0,17
13/09/2005;0,00;0,17
14/09/2005;0,00;0,17
15/09/2005;0,00;0,15
16/09/2005;0,00;0,15
17/09/2005;0,00;0,15
18/09/2005;0,00;0,15
19/09/2005;0,00;0,16
20/09/2005;0,00;0,15
21/09/2005;0,00;0,14
22/09/2005;0,00;0,14
23/09/2005;0,00;0,12
24/09/2005;0,00;0,13
25/09/2005;0,00;0,14
26/09/2005;0,00;0,14
27/09/2005;0,00;0,15
28/09/2005;0,00;0,15
29/09/2005;0,00;0,15
30/09/2005;0,00;0,15
01/10/2005;0,00;0,16
02/10/2005;0,00;0,16
03/10/2005;0,00;0,16
04/10/2005;0,00;0,16
05/10/2005;0,00;0,17
06/10/2005;0,00;0,17
07/10/2005;0,00;0,17
08/10/2005;0,00;0,17
09/10/2005;0,00;0,18
10/10/2005;0,00;0,18
11/10/2005;0,00;0,18
12/10/2005;0,00;0,19
13/10/2005;0,00;0,19
14/10/2005;0,00;0,19
15/10/2005;0,00;0,19
16/10/2005;0,00;0,20
17/10/2005;0,00;0,20
18/10/2005;0,00;0,20
19/10/2005;0,00;0,21
20/10/2005;0,00;0,21
21/10/2005;0,00;0,21
22/10/2005;0,00;0,22
23/10/2005;0,00;0,22
24/10/2005;0,00;0,22
25/10/2005;0,00;0,23
26/10/2005;0,00;0,23
27/10/2005;0,00;0,23
28/10/2005;0,00;0,24
29/10/2005;0,00;0,24
30/10/2005;0,00;0,24
31/10/2005;0,00;0,24
01/11/2005;0,00;0,25
02/11/2005;0,22;0,25
03/11/2005;0,18;0,26
04/11/2005;0,01;0,26
05/11/2005;0,00;0,26
06/11/2005;0,00;0,27
07/11/2005;0,23;0,27
08/11/2005;0,03;0,28
09/11/2005;0,08;0,28
10/11/2005;0,05;0,27
11/11/2005;0,01;0,26
12/11/2005;0,00;0,25
13/11/2005;0,02;0,30
14/11/2005;0,01;0,45
15/11/2005;0,00;0,52
16/11/2005;0,00;0,57
17/11/2005;0,00;0,86
18/11/2005;0,00;0,73
19/11/2005;0,00;0,22
20/11/2005;0,00;0,37
21/11/2005;0,00;0,68
22/11/2005;0,00;0,73
23/11/2005;0,00;0,83
24/11/2005;0,00;0,81
25/11/2005;0,00;0,46
26/11/2005;0,00;0,45
27/11/2005;0,00;0,43
28/11/2005;0,00;0,39
29/11/2005;0,00;0,39
30/11/2005;0,00;0,39
01/12/2005;0,00;0,42
02/12/2005;0,55;0,49
03/12/2005;0,94;0,43
04/12/2005;0,56;0,37
05/12/2005;1,26;0,38
06/12/2005;0,60;0,37
07/12/2005;0,54;0,37
08/12/2005;0,68;0,37
09/12/2005;0,46;0,37
10/12/2005;0,08;0,37
11/12/2005;0,08;0,37
12/12/2005;0,11;0,37
13/12/2005;0,14;0,37
14/12/2005;0,15;0,37
15/12/2005;0,13;0,37
16/12/2005;0,08;0,37
17/12/2005;0,08;0,37
18/12/2005;0,11;0,36
19/12/2005;0,10;0,45
20/12/2005;0,15;0,42
21/12/2005;0,10;0,42
22/12/2005;0,11;0,40
23/12/2005;0,13;0,39
24/12/2005;0,13;0,39
25/12/2005;0,13;0,39
26/12/2005;0,13;0,39
27/12/2005;0,13;0,39
28/12/2005;0,13;0,39
29/12/2005;0,12;0,39
30/12/2005;0,21;0,38
31/12/2005;0,62;0,37
01/01/2006;0,30;0,37
02/01/2006;0,39;0,37
03/01/2006;0,34;0,37
04/01/2006;0,39;0,37
05/01/2006;0,46;0,37
06/01/2006;0,31;0,41
07/01/2006;0,16;0,40
08/01/2006;0,24;0,39
09/01/2006;0,17;0,39
10/01/2006;0,15;0,39
11/01/2006;0,14;0,39
12/01/2006;0,20;0,39
13/01/2006;0,19;0,39
14/01/2006;0,29;0,39
15/01/2006;0,41;0,38
16/01/2006;0,55;0,37
17/01/2006;0,24;0,39
18/01/2006;0,36;0,38
19/01/2006;0,19;0,37
20/01/2006;0,17;0,37
21/01/2006;0,16;0,38
22/01/2006;0,16;0,39
23/01/2006;0,15;0,39
24/01/2006;0,14;0,39
25/01/2006;0,13;0,39
26/01/2006;0,12;0,39
27/01/2006;0,12;0,39
28/01/2006;0,13;0,39
29/01/2006;0,15;0,38
30/01/2006;0,16;0,37
31/01/2006;0,14;0,37
01/02/2006;0,14;0,37
02/02/2006;0,14;0,37
03/02/2006;0,14;0,37
04/02/2006;0,14;0,49
05/02/2006;0,14;0,48
06/02/2006;0,13;0,45
07/02/2006;0,13;0,55
08/02/2006;0,13;0,98
09/02/2006;0,14;0,72
10/02/2006;0,14;0,62
11/02/2006;0,14;0,57
12/02/2006;0,12;0,56
13/02/2006;0,13;0,70
14/02/2006;0,13;0,62
15/02/2006;0,20;0,60
16/02/2006;0,70;0,60
17/02/2006;0,43;0,60
18/02/2006;0,36;0,60
19/02/2006;0,63;0,70
20/02/2006;1,25;0,75
21/02/2006;0,62;1,08
22/02/2006;0,60;0,99
23/02/2006;0,32;0,98
24/02/2006;0,32;1,03
25/02/2006;1,00;0,89
26/02/2006;0,57;0,72
27/02/2006;0,56;0,76
28/02/2006;0,46;0,74
01/03/2006;0,46;0,73
02/03/2006;0,47;0,73
03/03/2006;1,02;0,73
04/03/2006;0,96;0,71
05/03/2006;1,72;0,69
06/03/2006;1,26;0,69
07/03/2006;1,32;0,70
08/03/2006;1,83;0,76
09/03/2006;1,43;0,79
10/03/2006;0,96;0,69
11/03/2006;1,16;0,69
12/03/2006;0,93;0,86
13/03/2006;0,91;0,78
14/03/2006;0,89;0,95
15/03/2006;0,87;1,10
16/03/2006;0,87;0,99
17/03/2006;0,85;0,95
18/03/2006;0,81;0,99
19/03/2006;0,80;1,06
20/03/2006;0,83;1,01
21/03/2006;0,87;0,99
22/03/2006;0,88;0,99
23/03/2006;0,87;0,96
24/03/2006;1,88;0,94
25/03/2006;1,30;0,94
26/03/2006;2,54;0,94
27/03/2006;2,94;0,94
28/03/2006;1,98;0,94
29/03/2006;1,68;0,92
30/03/2006;1,91;0,90
31/03/2006;2,18;0,90
01/04/2006;1,69;0,88
02/04/2006;1,63;0,85
03/04/2006;1,70;0,83
04/04/2006;1,54;0,93
05/04/2006;1,50;0,91
06/04/2006;1,47;0,86
07/04/2006;1,42;0,83
08/04/2006;1,40;0,81
09/04/2006;1,37;0,79
10/04/2006;1,33;0,88
11/04/2006;1,30;0,81
12/04/2006;1,31;0,79
13/04/2006;1,26;0,78
14/04/2006;1,34;0,77
15/04/2006;1,45;0,76
16/04/2006;1,94;0,76
17/04/2006;1,61;0,76
18/04/2006;1,49;0,75
19/04/2006;1,45;0,74
20/04/2006;1,41;0,73
21/04/2006;1,38;0,73
22/04/2006;1,79;0,72
23/04/2006;1,30;0,71
24/04/2006;1,31;0,71
25/04/2006;1,29;0,70
26/04/2006;1,17;0,69
27/04/2006;1,14;0,69
28/04/2006;1,16;0,68
29/04/2006;1,07;0,67
30/04/2006;1,01;0,67
01/05/2006;0,99;0,66
02/05/2006;1,06;0,65
03/05/2006;0,98;0,65
04/05/2006;0,91;0,64
05/05/2006;0,87;0,63
06/05/2006;0,83;0,63
07/05/2006;0,80;0,62
08/05/2006;0,81;0,61
09/05/2006;0,81;0,61
10/05/2006;0,75;0,60
11/05/2006;0,68;0,59
12/05/2006;0,65;0,59
13/05/2006;0,63;0,58
14/05/2006;0,62;0,58
15/05/2006;0,60;0,57
16/05/2006;0,60;0,56
17/05/2006;0,60;0,56
18/05/2006;0,59;0,55
19/05/2006;0,60;0,55
20/05/2006;0,90;0,54
21/05/2006;0,82;0,53
22/05/2006;0,78;0,53
23/05/2006;0,79;0,52
24/05/2006;0,62;0,52
25/05/2006;0,60;0,51
26/05/2006;0,68;0,50
27/05/2006;0,58;0,50
28/05/2006;0,52;0,49
29/05/2006;0,52;0,49
30/05/2006;0,52;0,48
31/05/2006;0,48;0,48
01/06/2006;0,46;0,47
02/06/2006;0,45;0,47
03/06/2006;0,44;0,46
04/06/2006;0,51;0,46
05/06/2006;0,50;0,45
06/06/2006;0,41;0,45
07/06/2006;0,36;0,44
08/06/2006;0,36;0,43
09/06/2006;0,35;0,43
10/06/2006;0,32;0,42
11/06/2006;0,31;0,42
12/06/2006;0,30;0,41
13/06/2006;0,31;0,41
14/06/2006;0,32;0,40
15/06/2006;0,29;0,40
16/06/2006;0,27;0,39
17/06/2006;0,26;0,39
18/06/2006;0,43;0,38
19/06/2006;0,61;0,38
20/06/2006;0,42;0,37
21/06/2006;0,24;0,37
22/06/2006;0,24;0,37
23/06/2006;0,22;0,36
24/06/2006;0,20;0,36
25/06/2006;0,19;0,35
26/06/2006;0,16;0,35
27/06/2006;0,16;0,34
28/06/2006;0,19;0,34
29/06/2006;0,17;0,33
30/06/2006;0,12;0,33
01/07/2006;0,12;0,32
02/07/2006;0,18;0,32
03/07/2006;0,16;0,32
04/07/2006;0,20;0,31
05/07/2006;0,13;0,31
06/07/2006;0,25;0,30
07/07/2006;0,17;0,30
08/07/2006;0,15;0,30
09/07/2006;0,12;0,29
10/07/2006;0,18;0,29
11/07/2006;0,12;0,29
12/07/2006;0,10;0,30
13/07/2006;0,12;0,29
14/07/2006;0,13;0,29
15/07/2006;0,12;0,29
16/07/2006;0,13;0,29
17/07/2006;0,14;0,29
18/07/2006;0,13;0,29
19/07/2006;0,13;0,29
20/07/2006;0,15;0,29
21/07/2006;0,15;0,29
22/07/2006;0,18;0,29
23/07/2006;0,15;0,29
24/07/2006;0,11;0,28
25/07/2006;0,12;0,27
26/07/2006;0,08;0,27
27/07/2006;0,02;0,27
28/07/2006;0,02;0,27
29/07/2006;0,02;0,27
30/07/2006;0,02;0,27
31/07/2006;0,02;0,27
01/08/2006;0,03;0,26
02/08/2006;0,05;0,25
03/08/2006;0,05;0,25
04/08/2006;0,05;0,25
05/08/2006;0,05;0,29
06/08/2006;0,05;0,28
07/08/2006;0,04;0,26
08/08/2006;0,03;0,25
09/08/2006;0,02;0,25
10/08/2006;0,00;0,23
11/08/2006;0,00;0,23
12/08/2006;0,00;0,26
13/08/2006;0,00;0,25
14/08/2006;0,00;0,25
15/08/2006;0,00;0,25
16/08/2006;0,00;0,25
17/08/2006;0,00;0,25
18/08/2006;0,00;0,26
19/08/2006;0,00;0,24
20/08/2006;0,00;0,23
21/08/2006;0,00;0,23
22/08/2006;0,00;0,23
23/08/2006;0,00;0,23
24/08/2006;0,00;0,22
25/08/2006;0,00;0,22
26/08/2006;0,00;0,22
27/08/2006;0,00;0,22
28/08/2006;0,00;0,24
29/08/2006;0,00;0,28
30/08/2006;0,00;0,24
31/08/2006;0,00;0,20
01/09/2006;0,00;0,20
02/09/2006;0,00;0,19
03/09/2006;0,00;0,20
04/09/2006;0,00;0,26
05/09/2006;0,00;0,29
06/09/2006;0,00;0,29
07/09/2006;0,00;0,26
08/09/2006;0,00;0,19
09/09/2006;0,00;0,17
10/09/2006;0,00;0,17
11/09/2006;0,00;0,18
12/09/2006;0,00;0,20
13/09/2006;0,00;0,18
14/09/2006;0,00;0,17
15/09/2006;0,00;0,17
16/09/2006;0,00;0,17
17/09/2006;0,00;0,18
18/09/2006;0,00;0,18
19/09/2006;0,00;0,17
20/09/2006;0,00;0,29
21/09/2006;0,00;0,32
22/09/2006;0,00;0,17
23/09/2006;0,00;0,15
24/09/2006;0,00;0,13
25/09/2006;0,00;0,14
26/09/2006;0,00;0,15
27/09/2006;0,00;0,15
28/09/2006;0,00;0,16
29/09/2006;0,00;0,14
30/09/2006;0,00;0,13
