;Catchment 1: Weetbach, Germany;;Catchment 2: Allt Coarie Na Con, Scotland;;;;;;;;;;;;
Date;Precipitation;EP;Precipitation;EP;;;;;;;;;;;
;[mm/d];[mm/d];[mm/d];[mm/d];;;;;;;;;;;
01/07/2009;0,00;4,53;5,80;3,03;;;;;;;;;;;
02/07/2009;0,00;5,52;2,00;2,23;;;;;;;;;;;
03/07/2009;14,85;2,56;2,05;2,67;;;;;;;;;;;
04/07/2009;0,00;4,36;1,00;3,27;;;;;;;;;;;
05/07/2009;0,00;2,86;3,71;3,09;;;;;;;;;;;
06/07/2009;0,00;3,33;5,46;3,03;;;;;;;;;;;
07/07/2009;3,48;2,71;0,98;2,24;;;;;;;;;;;
08/07/2009;21,00;1,54;1,00;2,69;;;;;;;;;;;
09/07/2009;1,35;2,90;1,00;3,57;;;;;;;;;;;
10/07/2009;5,04;1,90;2,00;4,28;;;;;;;;;;;
11/07/2009;1,68;1,81;2,10;4,37;;;;;;;;;;;
12/07/2009;4,52;2,55;5,46;3,47;;;;;;;;;;;
13/07/2009;0,00;4,38;1,76;3,54;;;;;;;;;;;
14/07/2009;0,00;3,86;1,12;3,88;;;;;;;;;;;
15/07/2009;0,00;4,89;7,76;3,01;;;;;;;;;;;
16/07/2009;0,00;4,79;0,88;2,37;;;;;;;;;;;
17/07/2009;0,00;3,44;0,00;2,37;;;;;;;;;;;
18/07/2009;2,64;2,12;1,00;2,81;;;;;;;;;;;
19/07/2009;6,48;2,29;0,00;3,57;;;;;;;;;;;
20/07/2009;3,27;3,20;1,00;3,64;;;;;;;;;;;
21/07/2009;9,26;4,69;2,00;3,97;;;;;;;;;;;
22/07/2009;18,43;3,66;0,73;4,00;;;;;;;;;;;
23/07/2009;32,00;2,02;4,73;4,20;;;;;;;;;;;
24/07/2009;18,13;3,30;0,78;2,91;;;;;;;;;;;
25/07/2009;6,69;2,45;0,00;2,75;;;;;;;;;;;
26/07/2009;0,20;3,97;4,88;2,96;;;;;;;;;;;
27/07/2009;0,00;4,03;5,51;2,87;;;;;;;;;;;
28/07/2009;0,00;4,04;0,78;2,66;;;;;;;;;;;
29/07/2009;13,63;4,41;6,98;2,90;;;;;;;;;;;
30/07/2009;0,00;3,44;6,59;2,60;;;;;;;;;;;
31/07/2009;0,00;3,41;5,61;1,91;;;;;;;;;;;
01/08/2009;0,00;4,47;0,44;2,07;;;;;;;;;;;
02/08/2009;0,00;1,29;1,00;2,44;;;;;;;;;;;
03/08/2009;1,46;2,18;1,00;2,40;;;;;;;;;;;
04/08/2009;0,00;4,17;2,00;3,55;;;;;;;;;;;
05/08/2009;0,00;5,20;2,00;4,07;;;;;;;;;;;
06/08/2009;0,00;5,24;2,00;3,79;;;;;;;;;;;
07/08/2009;4,73;3,77;0,00;3,78;;;;;;;;;;;
08/08/2009;0,00;0,99;3,95;4,12;;;;;;;;;;;
09/08/2009;0,00;2,35;1,32;3,51;;;;;;;;;;;
10/08/2009;0,00;3,51;0,00;2,66;;;;;;;;;;;
11/08/2009;3,48;1,98;1,00;3,36;;;;;;;;;;;
12/08/2009;0,00;2,85;2,00;3,23;;;;;;;;;;;
13/08/2009;0,00;1,78;0,83;4,21;;;;;;;;;;;
14/08/2009;0,00;2,23;6,83;3,11;;;;;;;;;;;
15/08/2009;0,00;4,89;1,71;3,26;;;;;;;;;;;
16/08/2009;0,00;5,03;3,37;2,36;;;;;;;;;;;
17/08/2009;0,00;3,24;0,10;3,13;;;;;;;;;;;
18/08/2009;0,00;4,11;1,00;3,31;;;;;;;;;;;
19/08/2009;0,00;5,25;1,00;3,42;;;;;;;;;;;
20/08/2009;0,00;5,13;10,24;3,63;;;;;;;;;;;
21/08/2009;1,25;2,51;0,59;2,60;;;;;;;;;;;
22/08/2009;0,00;3,41;3,12;2,53;;;;;;;;;;;
23/08/2009;0,00;4,44;1,90;2,31;;;;;;;;;;;
24/08/2009;0,00;4,69;1,00;2,34;;;;;;;;;;;
25/08/2009;20,66;1,59;2,10;2,66;;;;;;;;;;;
26/08/2009;0,00;3,60;2,00;2,90;;;;;;;;;;;
27/08/2009;0,00;3,97;1,17;2,73;;;;;;;;;;;
28/08/2009;0,46;2,55;0,24;2,33;;;;;;;;;;;
29/08/2009;0,00;2,31;6,39;2,74;;;;;;;;;;;
30/08/2009;0,00;2,95;3,80;2,12;;;;;;;;;;;
31/08/2009;0,00;4,46;1,41;2,32;;;;;;;;;;;
01/09/2009;0,00;1,99;2,05;1,72;;;;;;;;;;;
02/09/2009;0,00;2,12;10,39;2,26;;;;;;;;;;;
03/09/2009;12,32;1,81;9,61;1,91;;;;;;;;;;;
04/09/2009;7,92;1,10;5,80;2,74;;;;;;;;;;;
05/09/2009;1,68;1,56;10,88;1,91;;;;;;;;;;;
06/09/2009;0,00;1,42;13,17;2,01;;;;;;;;;;;
07/09/2009;0,00;3,16;8,24;1,27;;;;;;;;;;;
08/09/2009;0,00;4,17;0,20;1,38;;;;;;;;;;;
09/09/2009;0,20;3,52;1,00;1,59;;;;;;;;;;;
10/09/2009;0,91;0,43;0,10;1,95;;;;;;;;;;;
11/09/2009;0,00;1,98;5,27;1,73;;;;;;;;;;;
12/09/2009;0,00;1,67;7,71;2,05;;;;;;;;;;;
13/09/2009;1,68;0,76;8,88;1,61;;;;;;;;;;;
14/09/2009;12,53;0,67;2,51;1,56;;;;;;;;;;;
15/09/2009;0,20;1,08;3,12;1,50;;;;;;;;;;;
16/09/2009;0,00;0,40;8,78;1,83;;;;;;;;;;;
17/09/2009;0,00;0,97;0,00;1,58;;;;;;;;;;;
18/09/2009;0,00;1,92;1,00;1,73;;;;;;;;;;;
19/09/2009;8,13;1,48;1,00;2,22;;;;;;;;;;;
20/09/2009;0,00;2,13;1,00;1,70;;;;;;;;;;;
21/09/2009;0,00;1,84;1,00;1,24;;;;;;;;;;;
22/09/2009;0,00;2,80;1,00;1,47;;;;;;;;;;;
23/09/2009;0,00;1,58;1,00;2,49;;;;;;;;;;;
24/09/2009;1,57;0,52;0,00;2,05;;;;;;;;;;;
25/09/2009;0,00;1,88;1,00;1,62;;;;;;;;;;;
26/09/2009;0,00;2,18;2,00;1,74;;;;;;;;;;;
27/09/2009;0,00;2,31;1,00;1,32;;;;;;;;;;;
28/09/2009;0,00;1,98;5,66;1,03;;;;;;;;;;;
29/09/2009;0,00;1,02;0,00;1,27;;;;;;;;;;;
30/09/2009;0,00;0,93;0,68;1,49;;;;;;;;;;;
01/10/2009;0,00;0,70;0,15;1,18;;;;;;;;;;;
02/10/2009;0,00;0,90;1,90;1,13;;;;;;;;;;;
03/10/2009;0,29;0,93;4,10;1,08;;;;;;;;;;;
04/10/2009;9,11;0,67;5,22;0,97;;;;;;;;;;;
05/10/2009;12,29;0,54;3,71;0,99;;;;;;;;;;;
06/10/2009;13,11;0,70;0,93;0,97;;;;;;;;;;;
07/10/2009;20,00;1,51;7,56;1,25;;;;;;;;;;;
08/10/2009;2,16;1,15;2,73;1,26;;;;;;;;;;;
09/10/2009;2,05;1,34;5,02;0,96;;;;;;;;;;;
10/10/2009;13,72;0,77;0,54;1,38;;;;;;;;;;;
11/10/2009;17,24;0,67;1,00;1,52;;;;;;;;;;;
12/10/2009;16,23;0,96;2,05;1,37;;;;;;;;;;;
13/10/2009;0,00;1,06;0,93;1,20;;;;;;;;;;;
14/10/2009;0,00;0,85;10,10;1,15;;;;;;;;;;;
15/10/2009;0,00;1,19;4,88;0,56;;;;;;;;;;;
16/10/2009;24,00;0,44;5,22;0,83;;;;;;;;;;;
17/10/2009;3,63;0,68;0,59;0,70;;;;;;;;;;;
18/10/2009;0,00;0,88;0,00;0,56;;;;;;;;;;;
19/10/2009;0,00;1,34;2,00;0,97;;;;;;;;;;;
20/10/2009;0,00;1,35;1,00;1,92;;;;;;;;;;;
21/10/2009;0,00;2,04;1,00;0,58;;;;;;;;;;;
22/10/2009;0,41;0,53;1,00;0,66;;;;;;;;;;;
23/10/2009;0,00;0,60;0,00;1,02;;;;;;;;;;;
24/10/2009;4,26;0,54;0,00;0,78;;;;;;;;;;;
25/10/2009;0,00;0,79;0,24;0,53;;;;;;;;;;;
26/10/2009;0,29;0,64;0,20;0,61;;;;;;;;;;;
27/10/2009;0,00;0,64;0,00;0,83;;;;;;;;;;;
28/10/2009;0,00;1,15;0,00;0,79;;;;;;;;;;;
29/10/2009;0,00;0,44;2,44;1,66;;;;;;;;;;;
30/10/2009;0,00;0,93;0,24;0,89;;;;;;;;;;;
31/10/2009;0,00;1,02;4,24;0,45;;;;;;;;;;;
01/11/2009;28,00;0,38;4,34;0,76;;;;;;;;;;;
02/11/2009;24,00;0,52;0,00;0,98;;;;;;;;;;;
03/11/2009;12,90;0,42;0,00;0,70;;;;;;;;;;;
04/11/2009;5,40;0,36;0,05;0,30;;;;;;;;;;;
05/11/2009;5,40;0,27;0,83;0,30;;;;;;;;;;;
06/11/2009;0,41;0,44;3,12;0,33;;;;;;;;;;;
07/11/2009;6,43;0,39;0,15;0,36;;;;;;;;;;;
08/11/2009;0,29;0,50;0,00;0,22;;;;;;;;;;;
09/11/2009;2,58;0,08;0,63;0,92;;;;;;;;;;;
10/11/2009;1,51;0,25;1,51;0,52;;;;;;;;;;;
11/11/2009;0,17;0,25;5,41;0,30;;;;;;;;;;;
12/11/2009;2,37;0,23;2,93;0,50;;;;;;;;;;;
13/11/2009;0,00;0,70;5,22;0,75;;;;;;;;;;;
14/11/2009;0,75;0,91;4,88;0,99;;;;;;;;;;;
15/11/2009;13,00;0,49;2,44;1,20;;;;;;;;;;;
16/11/2009;2,05;0,34;23,56;0,85;;;;;;;;;;;
17/11/2009;8,70;0,40;20,24;0,99;;;;;;;;;;;
18/11/2009;0,00;0,76;14,00;0,93;;;;;;;;;;;
19/11/2009;0,00;1,00;4,98;0,97;;;;;;;;;;;
20/11/2009;0,00;1,13;7,07;0,86;;;;;;;;;;;
21/11/2009;1,41;0,43;0,10;1,03;;;;;;;;;;;
22/11/2009;7,00;0,89;1,00;1,00;;;;;;;;;;;
23/11/2009;41,24;0,48;1,32;1,06;;;;;;;;;;;
24/11/2009;10,55;0,46;1,85;0,94;;;;;;;;;;;
25/11/2009;5,61;0,68;0,00;1,01;;;;;;;;;;;
26/11/2009;3,63;0,57;1,00;1,06;;;;;;;;;;;
27/11/2009;12,80;0,43;0,05;0,57;;;;;;;;;;;
28/11/2009;18,31;0,41;0,05;0,30;;;;;;;;;;;
29/11/2009;1,62;0,65;1,00;0,62;;;;;;;;;;;
30/11/2009;0,00;0,34;0,00;0,49;;;;;;;;;;;
01/12/2009;0,00;0,15;0,73;0,70;;;;;;;;;;;
02/12/2009;0,64;0,34;0,00;0,92;;;;;;;;;;;
03/12/2009;13,92;0,32;0,00;0,42;;;;;;;;;;;
04/12/2009;1,51;0,24;6,44;0,56;;;;;;;;;;;
05/12/2009;7,05;0,21;2,85;1,15;;;;;;;;;;;
06/12/2009;9,42;0,30;7,76;1,31;;;;;;;;;;;
07/12/2009;0,29;0,28;9,27;0,59;;;;;;;;;;;
08/12/2009;10,55;0,20;10,88;0,74;;;;;;;;;;;
09/12/2009;2,37;0,19;9,02;0,53;;;;;;;;;;;
10/12/2009;20,45;0,28;9,76;0,50;;;;;;;;;;;
11/12/2009;7,36;0,07;0,00;0,59;;;;;;;;;;;
12/12/2009;2,05;0,03;0,00;0,71;;;;;;;;;;;
13/12/2009;1,73;0,17;9,37;0,55;;;;;;;;;;;
14/12/2009;0,00;0,26;0,00;0,63;;;;;;;;;;;
15/12/2009;0,00;0,20;0,00;0,73;;;;;;;;;;;
16/12/2009;0,00;0,24;1,00;0,29;;;;;;;;;;;
17/12/2009;0,17;0,25;0,00;0,37;;;;;;;;;;;
18/12/2009;3,52;0,14;2,54;0,89;;;;;;;;;;;
19/12/2009;0,52;0,17;2,68;0,33;;;;;;;;;;;
20/12/2009;15,00;0,18;0,00;0,22;;;;;;;;;;;
21/12/2009;1,62;0,16;3,85;0,41;;;;;;;;;;;
22/12/2009;11,67;0,11;0,15;0,40;;;;;;;;;;;
23/12/2009;0,00;0,17;5,71;0,36;;;;;;;;;;;
24/12/2009;3,42;0,10;0,00;0,84;;;;;;;;;;;
25/12/2009;9,32;0,19;8,54;0,55;;;;;;;;;;;
26/12/2009;0,00;0,26;9,95;0,55;;;;;;;;;;;
27/12/2009;3,63;0,23;6,78;0,74;;;;;;;;;;;
28/12/2009;0,17;0,18;0,00;0,40;;;;;;;;;;;
29/12/2009;22,00;0,12;2,78;0,81;;;;;;;;;;;
30/12/2009;12,70;0,19;17,37;1,20;;;;;;;;;;;
31/12/2009;7,47;0,09;3,02;1,32;;;;;;;;;;;
01/01/2010;0,97;0,07;26,20;0,65;;;;;;;;;;;
02/01/2010;0,00;0,19;11,85;0,77;;;;;;;;;;;
03/01/2010;5,09;0,16;11,07;1,10;;;;;;;;;;;
04/01/2010;0,00;0,19;2,00;0,60;;;;;;;;;;;
05/01/2010;0,75;0,12;1,41;0,19;;;;;;;;;;;
06/01/2010;0,00;0,26;3,22;0,75;;;;;;;;;;;
07/01/2010;0,17;0,14;4,15;0,57;;;;;;;;;;;
08/01/2010;0,29;0,09;7,71;0,56;;;;;;;;;;;
09/01/2010;3,94;0,10;21,71;1,95;;;;;;;;;;;
10/01/2010;0,64;0,06;1,37;0,90;;;;;;;;;;;
11/01/2010;0,41;0,05;2,00;0,89;;;;;;;;;;;
12/01/2010;0,00;0,09;1,76;0,74;;;;;;;;;;;
13/01/2010;0,29;0,14;1,22;0,49;;;;;;;;;;;
14/01/2010;0,00;0,12;10,68;0,49;;;;;;;;;;;
15/01/2010;0,29;0,15;4,34;0,47;;;;;;;;;;;
16/01/2010;20,00;0,16;5,27;0,71;;;;;;;;;;;
17/01/2010;22,00;0,17;5,27;0,67;;;;;;;;;;;
18/01/2010;2,16;0,19;0,00;0,60;;;;;;;;;;;
19/01/2010;0,17;0,19;1,00;1,05;;;;;;;;;;;
20/01/2010;1,30;0,23;1,80;0,67;;;;;;;;;;;
21/01/2010;0,00;0,14;8,83;1,15;;;;;;;;;;;
22/01/2010;0,00;0,18;2,10;0,84;;;;;;;;;;;
23/01/2010;0,00;0,35;0,00;0,47;;;;;;;;;;;
24/01/2010;4,78;0,15;1,00;0,73;;;;;;;;;;;
25/01/2010;0,64;0,08;1,00;0,55;;;;;;;;;;;
26/01/2010;0,41;0,10;0,00;0,35;;;;;;;;;;;
27/01/2010;2,89;0,38;1,41;0,35;;;;;;;;;;;
28/01/2010;16,00;0,22;1,71;0,26;;;;;;;;;;;
29/01/2010;17,90;0,18;0,98;0,41;;;;;;;;;;;
30/01/2010;18,00;0,23;0,63;0,36;;;;;;;;;;;
31/01/2010;1,94;0,32;2,54;0,71;;;;;;;;;;;
01/02/2010;3,73;0,25;1,80;0,47;;;;;;;;;;;
02/02/2010;13,11;0,20;1,51;0,98;;;;;;;;;;;
03/02/2010;7,16;0,25;3,56;1,07;;;;;;;;;;;
04/02/2010;0,17;0,31;6,88;0,73;;;;;;;;;;;
05/02/2010;12,00;0,29;2,54;0,56;;;;;;;;;;;
06/02/2010;0,17;0,44;12,63;0,39;;;;;;;;;;;
07/02/2010;0,41;0,22;5,51;0,91;;;;;;;;;;;
08/02/2010;0,00;0,44;5,22;1,08;;;;;;;;;;;
09/02/2010;0,52;0,17;5,85;0,68;;;;;;;;;;;
10/02/2010;1,08;0,26;16,88;0,64;;;;;;;;;;;
11/02/2010;9,00;0,18;21,61;0,94;;;;;;;;;;;
12/02/2010;1,84;0,24;13,71;0,34;;;;;;;;;;;
13/02/2010;1,19;0,25;3,07;0,51;;;;;;;;;;;
14/02/2010;4,26;0,16;14,15;0,64;;;;;;;;;;;
15/02/2010;1,41;0,17;11,32;0,64;;;;;;;;;;;
16/02/2010;0,17;0,56;2,20;1,26;;;;;;;;;;;
17/02/2010;1,19;0,61;0,63;1,02;;;;;;;;;;;
18/02/2010;0,41;0,85;0,54;0,51;;;;;;;;;;;
19/02/2010;0,97;0,55;10,73;0,73;;;;;;;;;;;
20/02/2010;4,15;0,60;12,15;0,52;;;;;;;;;;;
21/02/2010;4,26;0,58;4,73;1,22;;;;;;;;;;;
22/02/2010;12,49;0,52;7,27;1,45;;;;;;;;;;;
23/02/2010;12,90;0,45;14,15;1,50;;;;;;;;;;;
24/02/2010;2,05;0,69;1,41;0,56;;;;;;;;;;;
25/02/2010;3,73;0,44;2,20;0,99;;;;;;;;;;;
26/02/2010;3,63;0,66;6,49;1,01;;;;;;;;;;;
27/02/2010;0,41;1,30;2,00;0,90;;;;;;;;;;;
28/02/2010;11,88;0,55;0,54;1,14;;;;;;;;;;;
01/03/2010;0,17;0,54;6,29;0,83;;;;;;;;;;;
02/03/2010;0,00;1,14;3,12;1,07;;;;;;;;;;;
03/03/2010;0,00;0,98;2,24;0,96;;;;;;;;;;;
04/03/2010;0,00;1,11;0,63;1,10;;;;;;;;;;;
05/03/2010;3,84;0,93;0,83;1,33;;;;;;;;;;;
06/03/2010;9,52;0,54;7,95;1,25;;;;;;;;;;;
07/03/2010;0,00;0,88;1,05;1,08;;;;;;;;;;;
08/03/2010;0,00;1,14;0,00;0,98;;;;;;;;;;;
09/03/2010;0,00;1,24;2,20;1,14;;;;;;;;;;;
10/03/2010;0,00;1,45;4,24;1,10;;;;;;;;;;;
11/03/2010;0,00;0,70;4,34;1,28;;;;;;;;;;;
12/03/2010;0,00;0,64;4,20;1,51;;;;;;;;;;;
13/03/2010;1,19;0,58;0,68;0,86;;;;;;;;;;;
14/03/2010;1,94;0,49;2,00;1,10;;;;;;;;;;;
15/03/2010;10,24;0,59;10,34;0,98;;;;;;;;;;;
16/03/2010;4,57;0,51;0,98;0,65;;;;;;;;;;;
17/03/2010;0,00;2,01;2,00;1,14;;;;;;;;;;;
18/03/2010;0,00;3,15;1,02;1,36;;;;;;;;;;;
19/03/2010;0,52;2,93;3,51;1,53;;;;;;;;;;;
20/03/2010;25,00;0,91;1,00;1,19;;;;;;;;;;;
21/03/2010;13,41;0,71;1,00;1,14;;;;;;;;;;;
22/03/2010;0,29;0,98;0,00;1,07;;;;;;;;;;;
23/03/2010;0,00;1,40;4,10;1,05;;;;;;;;;;;
24/03/2010;0,00;2,88;1,71;1,21;;;;;;;;;;;
25/03/2010;0,52;2,98;10,24;1,27;;;;;;;;;;;
26/03/2010;12,70;0,64;2,24;1,28;;;;;;;;;;;
27/03/2010;0,00;0,91;0,49;1,46;;;;;;;;;;;
28/03/2010;18,00;1,23;2,54;1,71;;;;;;;;;;;
29/03/2010;20,86;0,92;4,20;1,99;;;;;;;;;;;
30/03/2010;1,84;1,27;0,98;1,76;;;;;;;;;;;
31/03/2010;23,00;1,87;1,00;1,68;;;;;;;;;;;
01/04/2010;0,52;1,45;0,00;1,56;;;;;;;;;;;
02/04/2010;2,05;2,07;1,00;1,28;;;;;;;;;;;
03/04/2010;0,86;1,21;1,00;1,54;;;;;;;;;;;
04/04/2010;13,52;1,05;1,07;1,25;;;;;;;;;;;
05/04/2010;0,00;1,90;0,39;1,53;;;;;;;;;;;
06/04/2010;0,00;2,85;2,54;1,48;;;;;;;;;;;
07/04/2010;0,00;2,58;4,88;1,57;;;;;;;;;;;
08/04/2010;2,58;0,31;3,37;2,23;;;;;;;;;;;
09/04/2010;0,00;1,69;0,05;1,32;;;;;;;;;;;
10/04/2010;0,00;1,88;1,00;1,79;;;;;;;;;;;
11/04/2010;2,26;1,29;0,34;1,47;;;;;;;;;;;
12/04/2010;1,08;1,63;0,00;1,62;;;;;;;;;;;
13/04/2010;0,17;2,70;1,00;1,72;;;;;;;;;;;
14/04/2010;0,00;2,26;0,68;1,75;;;;;;;;;;;
15/04/2010;0,00;2,66;1,17;1,41;;;;;;;;;;;
16/04/2010;0,00;1,45;0,29;1,77;;;;;;;;;;;
17/04/2010;0,00;2,79;0,00;1,67;;;;;;;;;;;
18/04/2010;0,00;3,38;2,00;2,23;;;;;;;;;;;
19/04/2010;0,00;1,19;2,00;2,21;;;;;;;;;;;
20/04/2010;0,00;2,86;0,24;1,96;;;;;;;;;;;
21/04/2010;0,00;2,00;7,85;2,22;;;;;;;;;;;
22/04/2010;0,00;2,22;4,59;1,50;;;;;;;;;;;
23/04/2010;0,00;2,96;0,88;2,31;;;;;;;;;;;
24/04/2010;0,00;3,64;4,78;2,26;;;;;;;;;;;
25/04/2010;4,78;3,97;8,29;2,19;;;;;;;;;;;
26/04/2010;0,00;2,32;4,24;2,18;;;;;;;;;;;
27/04/2010;0,00;2,75;1,00;1,99;;;;;;;;;;;
28/04/2010;0,00;4,36;0,54;2,43;;;;;;;;;;;
29/04/2010;0,17;4,91;2,73;2,41;;;;;;;;;;;
30/04/2010;0,00;2,08;0,00;2,39;;;;;;;;;;;
01/05/2010;0,00;2,15;2,00;3,11;;;;;;;;;;;
02/05/2010;4,83;1,79;0,00;2,66;;;;;;;;;;;
03/05/2010;4,83;0,73;0,83;2,81;;;;;;;;;;;
04/05/2010;0,46;0,98;2,63;2,07;;;;;;;;;;;
05/05/2010;0,00;2,57;5,32;2,56;;;;;;;;;;;
06/05/2010;0,00;0,53;5,02;2,07;;;;;;;;;;;
07/05/2010;0,00;0,98;2,59;2,05;;;;;;;;;;;
08/05/2010;0,00;1,90;0,05;2,35;;;;;;;;;;;
09/05/2010;0,46;1,56;2,83;2,60;;;;;;;;;;;
10/05/2010;0,00;1,17;0,00;3,05;;;;;;;;;;;
11/05/2010;14,06;0,49;1,17;3,21;;;;;;;;;;;
12/05/2010;0,00;0,64;1,00;2,89;;;;;;;;;;;
13/05/2010;0,00;0,57;0,05;3,04;;;;;;;;;;;
14/05/2010;0,00;1,02;7,41;3,90;;;;;;;;;;;
15/05/2010;0,00;2,83;0,00;2,50;;;;;;;;;;;
16/05/2010;0,00;3,36;1,00;2,68;;;;;;;;;;;
17/05/2010;0,00;1,23;1,00;3,22;;;;;;;;;;;
18/05/2010;0,00;2,99;2,00;3,48;;;;;;;;;;;
19/05/2010;0,00;2,46;0,15;3,21;;;;;;;;;;;
20/05/2010;0,00;4,39;0,00;3,00;;;;;;;;;;;
21/05/2010;0,00;3,84;0,05;2,87;;;;;;;;;;;
22/05/2010;0,00;4,88;0,10;2,96;;;;;;;;;;;
23/05/2010;0,00;5,13;0,00;2,16;;;;;;;;;;;
24/05/2010;0,00;4,91;1,80;2,21;;;;;;;;;;;
25/05/2010;0,00;4,29;0,44;2,07;;;;;;;;;;;
26/05/2010;0,00;0,64;0,24;2,58;;;;;;;;;;;
27/05/2010;3,89;1,80;0,00;2,46;;;;;;;;;;;
28/05/2010;0,00;3,12;0,00;2,94;;;;;;;;;;;
29/05/2010;0,00;4,27;1,46;2,29;;;;;;;;;;;
30/05/2010;0,00;1,73;0,15;2,93;;;;;;;;;;;
31/05/2010;0,00;1,08;2,73;2,66;;;;;;;;;;;
01/06/2010;0,00;2,34;0,00;2,59;;;;;;;;;;;
02/06/2010;0,00;4,61;2,00;2,20;;;;;;;;;;;
03/06/2010;0,00;4,90;2,00;2,85;;;;;;;;;;;
04/06/2010;0,00;5,44;0,88;3,02;;;;;;;;;;;
05/06/2010;0,00;4,93;0,00;3,21;;;;;;;;;;;
06/06/2010;7,82;4,20;3,22;3,33;;;;;;;;;;;
07/06/2010;0,00;3,84;1,32;2,17;;;;;;;;;;;
08/06/2010;0,00;3,15;6,78;2,80;;;;;;;;;;;
09/06/2010;0,00;2,69;8,24;2,33;;;;;;;;;;;
10/06/2010;0,00;2,15;0,49;2,32;;;;;;;;;;;
11/06/2010;0,20;4,76;0,63;2,46;;;;;;;;;;;
12/06/2010;0,00;1,64;0,10;3,06;;;;;;;;;;;
13/06/2010;0,00;3,35;1,00;2,70;;;;;;;;;;;
14/06/2010;0,00;4,06;2,00;3,81;;;;;;;;;;;
15/06/2010;0,00;2,58;1,00;3,47;;;;;;;;;;;
16/06/2010;0,00;4,83;2,00;3,04;;;;;;;;;;;
17/06/2010;5,97;1,67;1,00;3,30;;;;;;;;;;;
18/06/2010;0,46;2,29;1,46;3,37;;;;;;;;;;;
19/06/2010;1,03;1,82;2,24;3,37;;;;;;;;;;;
20/06/2010;1,03;1,53;2,78;3,56;;;;;;;;;;;
21/06/2010;0,00;2,26;4,15;4,19;;;;;;;;;;;
22/06/2010;0,00;3,86;3,56;3,39;;;;;;;;;;;
23/06/2010;0,00;5,15;8,59;2,73;;;;;;;;;;;
24/06/2010;0,00;5,22;2,00;2,98;;;;;;;;;;;
25/06/2010;0,00;4,84;1,90;3,26;;;;;;;;;;;
26/06/2010;0,00;4,80;2,00;3,32;;;;;;;;;;;
27/06/2010;0,00;4,86;3,56;3,12;;;;;;;;;;;
28/06/2010;0,00;5,04;7,27;2,96;;;;;;;;;;;
29/06/2010;0,00;3,49;0,20;2,70;;;;;;;;;;;
30/06/2010;0,00;4,84;1,00;2,85;;;;;;;;;;;
01/07/2010;0,00;5,53;2,00;3,01;;;;;;;;;;;
02/07/2010;0,00;6,01;2,00;4,09;;;;;;;;;;;
03/07/2010;0,00;3,64;2,00;3,36;;;;;;;;;;;
04/07/2010;0,00;4,17;4,00;2,43;;;;;;;;;;;
05/07/2010;0,00;2,65;0,49;2,32;;;;;;;;;;;
06/07/2010;0,00;3,90;1,00;2,64;;;;;;;;;;;
07/07/2010;0,00;5,50;0,34;3,15;;;;;;;;;;;
08/07/2010;0,00;6,37;13,51;2,70;;;;;;;;;;;
09/07/2010;0,00;5,85;0,24;2,26;;;;;;;;;;;
10/07/2010;15,08;6,02;3,07;2,59;;;;;;;;;;;
11/07/2010;0,33;5,47;2,93;2,46;;;;;;;;;;;
12/07/2010;0,00;4,16;3,51;3,06;;;;;;;;;;;
13/07/2010;0,80;3,93;2,44;2,03;;;;;;;;;;;
14/07/2010;19,34;5,07;2,34;2,68;;;;;;;;;;;
15/07/2010;0,46;4,36;12,15;3,14;;;;;;;;;;;
16/07/2010;0,00;5,88;10,15;3,14;;;;;;;;;;;
17/07/2010;0,00;3,43;4,88;3,13;;;;;;;;;;;
18/07/2010;0,00;5,09;2,00;2,53;;;;;;;;;;;
19/07/2010;0,00;5,88;3,71;3,33;;;;;;;;;;;
20/07/2010;0,00;6,18;0,24;3,12;;;;;;;;;;;
21/07/2010;0,00;3,73;3,66;3,50;;;;;;;;;;;
22/07/2010;0,80;1,70;0,59;2,84;;;;;;;;;;;
23/07/2010;1,03;2,33;3,37;2,60;;;;;;;;;;;
24/07/2010;0,00;2,81;2,83;3,00;;;;;;;;;;;
25/07/2010;0,00;3,16;8,29;2,69;;;;;;;;;;;
26/07/2010;9,15;1,31;11,46;2,08;;;;;;;;;;;
27/07/2010;0,00;3,41;2,39;2,77;;;;;;;;;;;
28/07/2010;0,91;3,10;7,32;2,68;;;;;;;;;;;
29/07/2010;6,90;1,99;3,71;2,35;;;;;;;;;;;
30/07/2010;5,04;3,13;0,68;2,44;;;;;;;;;;;
31/07/2010;1,25;3,57;1,00;2,78;;;;;;;;;;;
01/08/2010;0,00;3,63;0,00;2,50;;;;;;;;;;;
02/08/2010;0,80;2,47;18,39;3,12;;;;;;;;;;;
03/08/2010;0,33;2,93;5,71;2,11;;;;;;;;;;;
04/08/2010;8,44;2,17;2,24;2,23;;;;;;;;;;;
05/08/2010;0,20;2,47;21,12;2,18;;;;;;;;;;;
06/08/2010;0,00;3,31;5,12;1,97;;;;;;;;;;;
07/08/2010;0,00;4,19;6,44;2,24;;;;;;;;;;;
08/08/2010;13,04;1,75;0,20;1,97;;;;;;;;;;;
09/08/2010;0,00;3,39;2,00;2,83;;;;;;;;;;;
10/08/2010;2,53;4,05;1,00;2,87;;;;;;;;;;;
11/08/2010;17,01;1,87;8,00;3,44;;;;;;;;;;;
12/08/2010;0,00;2,86;3,27;2,60;;;;;;;;;;;
13/08/2010;1,35;2,31;7,95;2,01;;;;;;;;;;;
14/08/2010;0,00;3,31;3,17;1,88;;;;;;;;;;;
15/08/2010;45,54;0,49;5,71;2,28;;;;;;;;;;;
16/08/2010;13,34;1,57;5,56;2,17;;;;;;;;;;;
17/08/2010;11,71;1,32;0,39;1,91;;;;;;;;;;;
18/08/2010;6,79;1,86;2,00;2,25;;;;;;;;;;;
19/08/2010;0,00;3,13;7,27;2,11;;;;;;;;;;;
20/08/2010;0,00;4,37;8,44;2,12;;;;;;;;;;;
21/08/2010;0,00;4,84;2,34;1,81;;;;;;;;;;;
22/08/2010;1,14;2,64;2,24;2,16;;;;;;;;;;;
23/08/2010;14,97;1,79;0,44;2,27;;;;;;;;;;;
24/08/2010;0,00;2,95;1,00;1,70;;;;;;;;;;;
25/08/2010;5,04;2,39;0,10;2,02;;;;;;;;;;;
26/08/2010;11,20;1,53;0,05;2,34;;;;;;;;;;;
27/08/2010;23,60;1,26;0,73;2,44;;;;;;;;;;;
28/08/2010;2,21;1,80;0,78;2,15;;;;;;;;;;;
29/08/2010;9,87;1,30;1,00;1,94;;;;;;;;;;;
30/08/2010;19,95;0,99;1,00;3,04;;;;;;;;;;;
31/08/2010;0,20;2,13;0,49;2,67;;;;;;;;;;;
01/09/2010;0,00;2,20;7,37;2,31;;;;;;;;;;;
02/09/2010;0,20;1,73;9,56;1,74;;;;;;;;;;;
03/09/2010;0,00;2,05;0,05;1,87;;;;;;;;;;;
04/09/2010;0,00;2,38;1,00;2,07;;;;;;;;;;;
05/09/2010;0,00;2,67;1,00;2,11;;;;;;;;;;;
06/09/2010;0,57;3,33;0,34;2,48;;;;;;;;;;;
07/09/2010;7,10;1,02;9,22;1,74;;;;;;;;;;;
08/09/2010;3,27;1,30;1,22;2,60;;;;;;;;;;;
09/09/2010;22,49;1,15;5,12;1,50;;;;;;;;;;;
10/09/2010;0,00;1,75;1,66;1,92;;;;;;;;;;;
11/09/2010;0,00;3,03;4,49;2,22;;;;;;;;;;;
12/09/2010;2,21;0,98;0,20;1,64;;;;;;;;;;;
13/09/2010;0,20;2,31;1,00;2,01;;;;;;;;;;;
14/09/2010;4,10;1,40;0,59;1,56;;;;;;;;;;;
15/09/2010;11,61;2,26;5,32;1,99;;;;;;;;;;;
16/09/2010;5,66;1,28;8,54;1,59;;;;;;;;;;;
17/09/2010;0,91;1,59;2,29;1,80;;;;;;;;;;;
18/09/2010;0,00;1,67;0,15;1,54;;;;;;;;;;;
19/09/2010;0,00;1,63;2,00;1,82;;;;;;;;;;;
20/09/2010;0,00;2,44;1,00;1,91;;;;;;;;;;;
21/09/2010;0,00;1,86;2,00;2,23;;;;;;;;;;;
22/09/2010;0,00;3,05;1,00;2,25;;;;;;;;;;;
23/09/2010;8,64;2,54;1,00;2,85;;;;;;;;;;;
24/09/2010;10,18;0,64;1,00;1,78;;;;;;;;;;;
25/09/2010;8,33;1,54;1,00;1,94;;;;;;;;;;;
26/09/2010;4,10;1,07;3,00;1,74;;;;;;;;;;;
27/09/2010;3,27;0,81;2,00;1,32;;;;;;;;;;;
28/09/2010;0,69;0,43;1,00;1,08;;;;;;;;;;;
29/09/2010;0,20;0,99;1,00;1,43;;;;;;;;;;;
30/09/2010;5,19;0,53;0,00;1,64;;;;;;;;;;;
01/10/2010;4,67;1,00;1,00;2,02;;;;;;;;;;;
02/10/2010;11,37;0,70;0,00;1,27;;;;;;;;;;;
03/10/2010;0,00;2,40;1,00;1,00;;;;;;;;;;;
04/10/2010;0,00;1,63;1,00;0,83;;;;;;;;;;;
05/10/2010;0,17;1,19;0,00;1,23;;;;;;;;;;;
06/10/2010;0,00;1,24;2,00;1,48;;;;;;;;;;;
07/10/2010;0,00;1,64;1,00;1,19;;;;;;;;;;;
08/10/2010;0,00;1,49;4,15;1,39;;;;;;;;;;;
09/10/2010;0,00;2,22;5,85;2,24;;;;;;;;;;;
10/10/2010;0,00;2,58;3,95;1,39;;;;;;;;;;;
11/10/2010;0,00;2,02;5,76;1,46;;;;;;;;;;;
12/10/2010;0,00;1,72;3,46;1,04;;;;;;;;;;;
13/10/2010;0,00;0,57;3,80;0,91;;;;;;;;;;;
14/10/2010;0,00;0,84;1,80;1,60;;;;;;;;;;;
15/10/2010;10,24;0,45;8,59;1,20;;;;;;;;;;;
16/10/2010;12,49;0,41;15,46;1,05;;;;;;;;;;;
17/10/2010;0,00;0,21;1,46;1,33;;;;;;;;;;;
18/10/2010;0,29;0,58;8,59;1,33;;;;;;;;;;;
19/10/2010;20,00;0,77;0,93;1,15;;;;;;;;;;;
20/10/2010;26,00;0,40;10,63;1,25;;;;;;;;;;;
21/10/2010;0,41;1,12;6,00;2,08;;;;;;;;;;;
22/10/2010;0,00;0,78;6,00;0,84;;;;;;;;;;;
23/10/2010;26,00;0,72;7,41;1,12;;;;;;;;;;;
24/10/2010;1,51;0,75;10,49;1,03;;;;;;;;;;;
25/10/2010;0,00;0,55;3,46;0,86;;;;;;;;;;;
26/10/2010;0,00;1,12;8,73;0,82;;;;;;;;;;;
27/10/2010;1,19;1,44;7,71;1,48;;;;;;;;;;;
28/10/2010;0,00;0,71;5,80;0,97;;;;;;;;;;;
29/10/2010;0,00;1,80;7,07;0,85;;;;;;;;;;;
30/10/2010;0,97;0,93;1,56;1,01;;;;;;;;;;;
31/10/2010;1,30;0,77;0,63;0,83;;;;;;;;;;;
01/11/2010;0,00;0,91;0,44;0,72;;;;;;;;;;;
02/11/2010;0,97;0,90;2,15;1,22;;;;;;;;;;;
03/11/2010;3,00;0,56;1,04;0,77;;;;;;;;;;;
04/11/2010;1,84;0,91;4,49;0,97;;;;;;;;;;;
05/11/2010;10,55;0,69;4,10;1,04;;;;;;;;;;;
06/11/2010;16,07;0,38;6,44;1,17;;;;;;;;;;;
07/11/2010;4,36;0,16;12,88;1,67;;;;;;;;;;;
08/11/2010;3,73;0,37;9,66;0,56;;;;;;;;;;;
09/11/2010;3,00;0,28;11,85;1,32;;;;;;;;;;;
10/11/2010;9,83;0,23;1,66;1,15;;;;;;;;;;;
11/11/2010;23,09;0,40;0,44;0,74;;;;;;;;;;;
12/11/2010;21,06;0,83;6,10;0,53;;;;;;;;;;;
13/11/2010;70,84;0,51;0,05;0,74;;;;;;;;;;;
14/11/2010;3,42;0,89;2,00;0,78;;;;;;;;;;;
15/11/2010;0,00;0,31;1,00;0,93;;;;;;;;;;;
16/11/2010;0,00;0,33;0,00;0,86;;;;;;;;;;;
17/11/2010;0,52;0,14;1,00;0,87;;;;;;;;;;;
18/11/2010;1,08;0,21;1,00;0,19;;;;;;;;;;;
19/11/2010;0,52;0,26;2,88;0,32;;;;;;;;;;;
20/11/2010;0,00;0,40;8,73;0,39;;;;;;;;;;;
21/11/2010;0,00;0,23;15,90;0,72;;;;;;;;;;;
22/11/2010;0,29;0,09;0,59;0,87;;;;;;;;;;;
23/11/2010;3,94;0,18;11,56;0,88;;;;;;;;;;;
24/11/2010;6,54;0,15;1,12;0,62;;;;;;;;;;;
25/11/2010;2,79;0,18;13,41;0,57;;;;;;;;;;;
26/11/2010;0,97;0,26;6,00;1,29;;;;;;;;;;;
27/11/2010;0,00;0,19;11,32;1,01;;;;;;;;;;;
28/11/2010;0,00;0,14;2,83;0,98;;;;;;;;;;;
29/11/2010;2,58;0,12;3,37;0,62;;;;;;;;;;;
30/11/2010;0,86;0,25;3,12;0,68;;;;;;;;;;;
01/12/2010;2,05;0,35;0,05;0,23;;;;;;;;;;;
02/12/2010;0,52;0,16;3,27;0,27;;;;;;;;;;;
03/12/2010;0,00;0,10;0,00;0,66;;;;;;;;;;;
04/12/2010;1,62;0,20;1,51;1,19;;;;;;;;;;;
05/12/2010;13,11;0,17;1,00;0,60;;;;;;;;;;;
06/12/2010;0,29;0,11;0,68;0,62;;;;;;;;;;;
07/12/2010;0,00;0,13;6,59;1,37;;;;;;;;;;;
08/12/2010;4,67;0,12;0,88;1,04;;;;;;;;;;;
09/12/2010;3,31;0,13;8,78;0,81;;;;;;;;;;;
10/12/2010;6,12;0,15;6,15;0,65;;;;;;;;;;;
11/12/2010;1,51;0,20;11,32;0,95;;;;;;;;;;;
12/12/2010;4,15;0,16;5,51;0,82;;;;;;;;;;;
13/12/2010;2,58;0,28;5,73;0,68;;;;;;;;;;;
14/12/2010;0,86;0,13;1,85;1,59;;;;;;;;;;;
15/12/2010;0,97;0,13;6,98;1,30;;;;;;;;;;;
16/12/2010;19,43;0,12;1,95;0,77;;;;;;;;;;;
17/12/2010;0,64;0,14;10,68;1,15;;;;;;;;;;;
18/12/2010;2,58;0,16;1,95;1,04;;;;;;;;;;;
19/12/2010;22,79;0,14;0,00;0,46;;;;;;;;;;;
20/12/2010;0,00;0,16;1,00;0,66;;;;;;;;;;;
21/12/2010;3,73;0,07;3,51;0,53;;;;;;;;;;;
22/12/2010;5,81;0,10;8,63;0,72;;;;;;;;;;;
23/12/2010;15,86;0,03;8,83;0,65;;;;;;;;;;;
24/12/2010;6,74;0,08;8,68;1,03;;;;;;;;;;;
25/12/2010;0,00;0,13;6,83;1,02;;;;;;;;;;;
26/12/2010;2,89;0,10;14,98;0,95;;;;;;;;;;;
27/12/2010;0,00;0,29;0,15;1,34;;;;;;;;;;;
28/12/2010;0,00;0,40;3,71;0,56;;;;;;;;;;;
29/12/2010;0,17;0,11;10,34;0,70;;;;;;;;;;;
30/12/2010;0,00;0,10;1,56;1,04;;;;;;;;;;;
31/12/2010;0,00;0,09;1,41;1,27;;;;;;;;;;;
01/01/2011;2,05;0,10;17,80;0,50;;;;;;;;;;;
02/01/2011;1,73;0,14;7,80;0,54;;;;;;;;;;;
03/01/2011;3,94;0,21;9,22;0,64;;;;;;;;;;;
04/01/2011;0,52;0,17;6,83;0,87;;;;;;;;;;;
05/01/2011;0,41;0,41;0,98;0,38;;;;;;;;;;;
06/01/2011;32,53;0,24;0,59;0,16;;;;;;;;;;;
07/01/2011;10,24;0,19;0,00;0,32;;;;;;;;;;;
08/01/2011;11,47;0,59;0,00;0,14;;;;;;;;;;;
09/01/2011;10,86;0,24;1,00;0,46;;;;;;;;;;;
10/01/2011;0,00;0,40;0,00;0,43;;;;;;;;;;;
11/01/2011;4,57;0,22;7,85;0,35;;;;;;;;;;;
12/01/2011;23,09;0,26;2,15;0,88;;;;;;;;;;;
13/01/2011;40,43;0,42;11,61;0,50;;;;;;;;;;;
14/01/2011;13,41;0,44;12,98;1,21;;;;;;;;;;;
15/01/2011;0,00;0,53;11,37;1,53;;;;;;;;;;;
16/01/2011;0,17;0,47;13,90;1,77;;;;;;;;;;;
17/01/2011;0,52;0,39;4,15;0,58;;;;;;;;;;;
18/01/2011;10,86;0,29;13,90;0,55;;;;;;;;;;;
19/01/2011;7,57;0,25;6,59;0,80;;;;;;;;;;;
20/01/2011;5,50;0,12;10,49;0,51;;;;;;;;;;;
21/01/2011;0,41;0,19;3,85;0,61;;;;;;;;;;;
22/01/2011;2,68;0,11;28,29;0,48;;;;;;;;;;;
23/01/2011;2,16;0,13;9,71;0,24;;;;;;;;;;;
24/01/2011;2,37;0,16;0,34;0,60;;;;;;;;;;;
25/01/2011;5,81;0,18;6,00;0,95;;;;;;;;;;;
26/01/2011;0,41;0,19;0,39;0,47;;;;;;;;;;;
27/01/2011;0,00;0,21;9,56;0,61;;;;;;;;;;;
28/01/2011;0,00;0,35;1,85;0,75;;;;;;;;;;;
29/01/2011;0,00;0,47;2,29;0,36;;;;;;;;;;;
30/01/2011;0,00;0,58;1,07;0,31;;;;;;;;;;;
31/01/2011;0,00;0,78;0,10;0,28;;;;;;;;;;;
01/02/2011;3,31;0,98;0,49;0,30;;;;;;;;;;;
02/02/2011;0,17;0,22;3,12;0,42;;;;;;;;;;;
03/02/2011;4,46;0,33;7,22;0,70;;;;;;;;;;;
04/02/2011;3,00;0,37;4,20;1,25;;;;;;;;;;;
05/02/2011;1,30;0,68;2,78;0,65;;;;;;;;;;;
06/02/2011;0,00;0,76;0,98;0,43;;;;;;;;;;;
07/02/2011;0,17;1,68;0,00;1,20;;;;;;;;;;;
08/02/2011;0,97;0,82;0,10;0,52;;;;;;;;;;;
09/02/2011;0,00;1,33;0,49;0,68;;;;;;;;;;;
10/02/2011;8,39;0,82;4,59;0,32;;;;;;;;;;;
11/02/2011;16,78;0,40;3,32;0,56;;;;;;;;;;;
12/02/2011;1,84;0,80;0,20;0,63;;;;;;;;;;;
13/02/2011;0,00;0,58;5,56;1,16;;;;;;;;;;;
14/02/2011;6,95;0,46;8,00;1,29;;;;;;;;;;;
15/02/2011;0,64;0,37;3,46;0,62;;;;;;;;;;;
16/02/2011;0,00;0,64;2,78;1,63;;;;;;;;;;;
17/02/2011;0,00;0,70;7,66;0,73;;;;;;;;;;;
18/02/2011;0,00;0,21;6,34;1,29;;;;;;;;;;;
19/02/2011;0,00;0,51;3,12;1,14;;;;;;;;;;;
20/02/2011;1,73;0,31;8,49;0,86;;;;;;;;;;;
21/02/2011;0,17;0,29;2,59;0,91;;;;;;;;;;;
22/02/2011;0,00;1,01;1,00;0,93;;;;;;;;;;;
23/02/2011;0,41;1,31;1,00;0,80;;;;;;;;;;;
24/02/2011;3,94;0,31;1,80;0,68;;;;;;;;;;;
25/02/2011;0,52;0,49;4,10;1,28;;;;;;;;;;;
26/02/2011;9,83;0,36;4,44;1,65;;;;;;;;;;;
27/02/2011;16,78;0,38;9,12;1,21;;;;;;;;;;;
28/02/2011;0,86;0,33;2,59;0,97;;;;;;;;;;;
01/03/2011;0,00;0,57;0,83;0,77;;;;;;;;;;;
02/03/2011;0,00;1,44;6,73;1,14;;;;;;;;;;;
03/03/2011;0,00;1,35;0,44;1,19;;;;;;;;;;;
04/03/2011;0,00;1,54;0,05;1,00;;;;;;;;;;;
05/03/2011;0,00;1,20;0,88;0,91;;;;;;;;;;;
06/03/2011;0,00;1,14;0,00;0,86;;;;;;;;;;;
07/03/2011;0,00;2,21;1,00;1,20;;;;;;;;;;;
08/03/2011;0,00;2,40;1,00;1,03;;;;;;;;;;;
09/03/2011;0,75;0,95;0,00;0,96;;;;;;;;;;;
10/03/2011;0,52;0,77;1,00;1,27;;;;;;;;;;;
11/03/2011;0,41;0,92;4,15;1,06;;;;;;;;;;;
12/03/2011;0,00;1,79;0,44;0,81;;;;;;;;;;;
13/03/2011;1,30;0,66;7,51;1,44;;;;;;;;;;;
14/03/2011;0,52;0,94;3,17;1,09;;;;;;;;;;;
15/03/2011;0,00;2,27;29,27;1,09;;;;;;;;;;;
16/03/2011;0,00;0,91;1,17;0,72;;;;;;;;;;;
17/03/2011;0,00;0,29;2,98;0,89;;;;;;;;;;;
18/03/2011;4,26;0,45;1,27;2,13;;;;;;;;;;;
19/03/2011;1,30;1,19;2,34;1,11;;;;;;;;;;;
20/03/2011;0,00;1,84;13,37;0,99;;;;;;;;;;;
21/03/2011;0,00;2,52;0,24;0,89;;;;;;;;;;;
22/03/2011;0,00;2,56;15,32;1,84;;;;;;;;;;;
23/03/2011;0,00;2,33;4,93;1,32;;;;;;;;;;;
24/03/2011;0,00;2,40;1,17;1,21;;;;;;;;;;;
25/03/2011;0,00;3,10;2,49;1,39;;;;;;;;;;;
26/03/2011;0,00;1,97;0,63;1,31;;;;;;;;;;;
27/03/2011;0,00;1,80;0,73;1,72;;;;;;;;;;;
28/03/2011;0,00;2,50;14,44;1,86;;;;;;;;;;;
29/03/2011;0,00;2,90;3,07;1,57;;;;;;;;;;;
30/03/2011;0,00;1,69;0,68;1,65;;;;;;;;;;;
31/03/2011;5,61;0,71;3,02;1,93;;;;;;;;;;;
01/04/2011;0,17;1,16;0,10;1,89;;;;;;;;;;;
02/04/2011;0,00;3,69;2,00;2,63;;;;;;;;;;;
03/04/2011;7,88;0,88;1,17;2,11;;;;;;;;;;;
04/04/2011;1,19;1,07;9,02;2,12;;;;;;;;;;;
05/04/2011;0,52;1,73;4,20;1,74;;;;;;;;;;;
06/04/2011;0,00;2,80;7,41;2,32;;;;;;;;;;;
07/04/2011;0,17;3,57;8,20;1,48;;;;;;;;;;;
08/04/2011;0,00;2,74;3,56;1,51;;;;;;;;;;;
09/04/2011;0,00;3,05;5,27;1,22;;;;;;;;;;;
10/04/2011;0,00;3,58;2,44;1,87;;;;;;;;;;;
11/04/2011;0,00;4,12;4,05;1,57;;;;;;;;;;;
12/04/2011;6,95;1,67;3,32;1,51;;;;;;;;;;;
13/04/2011;0,00;2,29;1,61;2,32;;;;;;;;;;;
14/04/2011;0,00;1,46;3,76;1,55;;;;;;;;;;;
15/04/2011;0,00;2,65;1,00;1,46;;;;;;;;;;;
16/04/2011;0,00;2,62;0,05;1,91;;;;;;;;;;;
17/04/2011;0,00;2,73;3,95;2,00;;;;;;;;;;;
18/04/2011;0,00;4,16;0,00;1,65;;;;;;;;;;;
19/04/2011;0,00;3,81;1,00;2,10;;;;;;;;;;;
20/04/2011;0,00;4,64;4,10;2,07;;;;;;;;;;;
21/04/2011;0,00;4,73;6,05;1,54;;;;;;;;;;;
22/04/2011;0,00;4,60;7,02;1,61;;;;;;;;;;;
23/04/2011;0,00;4,33;7,56;1,86;;;;;;;;;;;
24/04/2011;0,00;4,34;0,00;1,89;;;;;;;;;;;
25/04/2011;0,00;4,56;2,00;2,27;;;;;;;;;;;
26/04/2011;0,00;3,43;2,00;2,36;;;;;;;;;;;
27/04/2011;4,15;0,59;2,00;3,12;;;;;;;;;;;
28/04/2011;1,51;1,65;2,00;3,29;;;;;;;;;;;
29/04/2011;0,00;3,26;1,00;2,67;;;;;;;;;;;
30/04/2011;0,69;3,82;0,00;1,94;;;;;;;;;;;
01/05/2011;0,00;3,75;1,00;2,69;;;;;;;;;;;
02/05/2011;0,00;3,62;2,00;2,46;;;;;;;;;;;
03/05/2011;0,00;2,70;1,00;2,39;;;;;;;;;;;
04/05/2011;0,00;2,98;2,00;3,64;;;;;;;;;;;
05/05/2011;0,00;3,81;2,00;4,12;;;;;;;;;;;
06/05/2011;0,00;4,49;0,44;2,49;;;;;;;;;;;
07/05/2011;0,00;5,67;0,29;1,85;;;;;;;;;;;
08/05/2011;0,00;5,75;4,88;2,98;;;;;;;;;;;
09/05/2011;0,00;4,49;2,49;2,63;;;;;;;;;;;
10/05/2011;4,31;3,84;3,32;2,16;;;;;;;;;;;
11/05/2011;5,76;3,58;3,46;2,66;;;;;;;;;;;
12/05/2011;0,00;3,21;2,59;2,79;;;;;;;;;;;
13/05/2011;0,00;3,54;1,56;2,75;;;;;;;;;;;
14/05/2011;0,00;3,24;0,00;2,72;;;;;;;;;;;
15/05/2011;9,56;1,89;2,00;2,87;;;;;;;;;;;
16/05/2011;1,03;1,61;1,00;2,77;;;;;;;;;;;
17/05/2011;0,00;3,32;1,00;3,00;;;;;;;;;;;
18/05/2011;0,00;3,41;2,00;3,28;;;;;;;;;;;
19/05/2011;7,31;2,05;1,00;3,67;;;;;;;;;;;
20/05/2011;1,25;3,03;7,27;4,07;;;;;;;;;;;
21/05/2011;0,00;4,24;7,12;2,51;;;;;;;;;;;
22/05/2011;0,00;3,42;9,66;2,40;;;;;;;;;;;
23/05/2011;0,00;5,04;2,68;2,26;;;;;;;;;;;
24/05/2011;0,00;4,15;1,22;2,43;;;;;;;;;;;
25/05/2011;0,00;5,69;3,41;2,26;;;;;;;;;;;
26/05/2011;0,00;4,80;0,15;2,19;;;;;;;;;;;
27/05/2011;0,00;1,44;3,41;2,60;;;;;;;;;;;
28/05/2011;0,00;3,76;7,37;3,11;;;;;;;;;;;
29/05/2011;0,00;4,25;0,05;2,81;;;;;;;;;;;
30/05/2011;0,00;6,68;1,00;2,86;;;;;;;;;;;
31/05/2011;16,91;0,71;1,00;3,05;;;;;;;;;;;
01/06/2011;0,00;4,05;2,00;2,77;;;;;;;;;;;
02/06/2011;0,00;5,42;1,85;3,29;;;;;;;;;;;
03/06/2011;0,00;4,93;3,80;3,23;;;;;;;;;;;
04/06/2011;0,20;4,75;7,46;2,21;;;;;;;;;;;
05/06/2011;0,00;4,09;2,05;2,78;;;;;;;;;;;
06/06/2011;0,00;3,62;1,22;2,73;;;;;;;;;;;
07/06/2011;25,83;3,03;0,00;2,89;;;;;;;;;;;
08/06/2011;0,00;2,73;1,00;3,26;;;;;;;;;;;
09/06/2011;0,00;2,89;1,00;3,02;;;;;;;;;;;
10/06/2011;0,00;2,46;1,00;2,84;;;;;;;;;;;
11/06/2011;0,00;3,29;1,00;3,56;;;;;;;;;;;
12/06/2011;0,00;3,90;0,10;3,51;;;;;;;;;;;
13/06/2011;0,00;2,23;7,07;3,08;;;;;;;;;;;
14/06/2011;0,00;3,39;4,10;2,45;;;;;;;;;;;
15/06/2011;0,00;2,91;3,22;3,03;;;;;;;;;;;
16/06/2011;0,00;3,11;6,44;2,35;;;;;;;;;;;
17/06/2011;0,00;2,72;1,00;2,89;;;;;;;;;;;
18/06/2011;0,00;2,93;3,85;2,82;;;;;;;;;;;
19/06/2011;0,00;1,71;15,17;2,41;;;;;;;;;;;
20/06/2011;7,72;1,33;3,95;2,58;;;;;;;;;;;
21/06/2011;8,44;2,39;0,49;2,70;;;;;;;;;;;
22/06/2011;13,75;1,71;0,00;2,92;;;;;;;;;;;
23/06/2011;5,76;2,89;0,00;2,98;;;;;;;;;;;
24/06/2011;0,00;2,40;0,00;3,53;;;;;;;;;;;
25/06/2011;0,00;1,11;2,00;3,81;;;;;;;;;;;
26/06/2011;0,00;4,45;6,00;3,86;;;;;;;;;;;
27/06/2011;0,00;6,33;0,24;3,78;;;;;;;;;;;
28/06/2011;0,00;6,41;2,63;3,13;;;;;;;;;;;
29/06/2011;0,69;1,24;4,63;3,01;;;;;;;;;;;
30/06/2011;0,00;3,71;4,83;2,18;;;;;;;;;;;
01/07/2011;0,00;2,98;1,00;2,39;;;;;;;;;;;
02/07/2011;0,00;2,13;0,59;3,23;;;;;;;;;;;
03/07/2011;0,00;4,02;0,20;2,83;;;;;;;;;;;
04/07/2011;0,00;2,73;8,39;3,24;;;;;;;;;;;
05/07/2011;0,00;4,40;1,37;3,21;;;;;;;;;;;
06/07/2011;7,82;4,01;0,20;3,67;;;;;;;;;;;
07/07/2011;0,00;4,40;4,49;2,98;;;;;;;;;;;
08/07/2011;0,00;4,03;0,15;2,83;;;;;;;;;;;
09/07/2011;1,57;3,27;1,32;4,44;;;;;;;;;;;
10/07/2011;1,25;2,94;1,05;5,03;;;;;;;;;;;
11/07/2011;0,00;3,88;2,00;3,15;;;;;;;;;;;
12/07/2011;3,27;3,46;1,00;4,20;;;;;;;;;;;
13/07/2011;4,52;0,87;4,83;3,14;;;;;;;;;;;
14/07/2011;8,23;0,89;3,12;2,65;;;;;;;;;;;
15/07/2011;0,00;4,61;9,07;2,78;;;;;;;;;;;
16/07/2011;12,83;3,73;7,66;2,38;;;;;;;;;;;
17/07/2011;8,54;2,57;1,80;2,35;;;;;;;;;;;
18/07/2011;2,11;2,10;1,07;2,65;;;;;;;;;;;
19/07/2011;0,80;2,39;9,22;2,48;;;;;;;;;;;
20/07/2011;0,20;2,96;9,95;2,62;;;;;;;;;;;
21/07/2011;8,75;1,88;2,34;2,41;;;;;;;;;;;
22/07/2011;0,20;2,00;1,02;2,09;;;;;;;;;;;
23/07/2011;2,53;1,39;14,00;2,64;;;;;;;;;;;
24/07/2011;0,00;1,11;0,49;2,09;;;;;;;;;;;
25/07/2011;0,20;3,08;1,00;2,67;;;;;;;;;;;
26/07/2011;0,00;2,18;0,00;3,20;;;;;;;;;;;
27/07/2011;0,00;1,31;0,00;3,26;;;;;;;;;;;
28/07/2011;0,00;1,54;2,00;3,71;;;;;;;;;;;
29/07/2011;0,00;1,63;2,00;3,60;;;;;;;;;;;
30/07/2011;1,57;0,99;1,00;3,33;;;;;;;;;;;
31/07/2011;0,00;0,96;0,00;3,19;;;;;;;;;;;
01/08/2011;0,00;3,47;1,00;3,62;;;;;;;;;;;
02/08/2011;0,00;5,04;1,00;4,12;;;;;;;;;;;
03/08/2011;0,00;1,52;0,00;3,91;;;;;;;;;;;
04/08/2011;0,00;3,95;1,00;5,62;;;;;;;;;;;
05/08/2011;0,00;3,26;0,00;3,95;;;;;;;;;;;
06/08/2011;5,76;1,81;2,00;3,60;;;;;;;;;;;
07/08/2011;0,20;2,92;1,00;3,33;;;;;;;;;;;
08/08/2011;0,00;1,70;0,00;2,77;;;;;;;;;;;
09/08/2011;0,00;1,83;1,00;3,28;;;;;;;;;;;
10/08/2011;0,00;3,41;1,00;2,83;;;;;;;;;;;
11/08/2011;0,20;3,54;1,00;2,49;;;;;;;;;;;
12/08/2011;0,00;1,71;11,66;4,09;;;;;;;;;;;
13/08/2011;0,00;2,00;4,24;2,54;;;;;;;;;;;
14/08/2011;24,92;1,19;3,61;2,86;;;;;;;;;;;
15/08/2011;0,00;2,97;5,02;2,14;;;;;;;;;;;
16/08/2011;0,00;2,86;14,00;2,60;;;;;;;;;;;
17/08/2011;0,00;3,27;0,34;2,27;;;;;;;;;;;
18/08/2011;18,43;4,14;0,59;2,01;;;;;;;;;;;
19/08/2011;8,44;1,43;0,00;2,61;;;;;;;;;;;
20/08/2011;0,00;4,46;2,00;2,73;;;;;;;;;;;
21/08/2011;1,46;3,37;0,00;2,36;;;;;;;;;;;
22/08/2011;0,20;3,05;1,00;2,35;;;;;;;;;;;
23/08/2011;0,00;3,52;2,00;2,97;;;;;;;;;;;
24/08/2011;0,20;2,43;0,00;3,04;;;;;;;;;;;
25/08/2011;22,00;2,31;6,29;2,43;;;;;;;;;;;
26/08/2011;6,17;2,00;3,46;1,83;;;;;;;;;;;
27/08/2011;12,43;1,50;0,83;1,82;;;;;;;;;;;
28/08/2011;0,20;2,18;0,05;2,21;;;;;;;;;;;
29/08/2011;0,20;2,04;8,29;2,12;;;;;;;;;;;
30/08/2011;0,00;1,69;3,41;1,96;;;;;;;;;;;
31/08/2011;0,00;2,62;2,44;1,52;;;;;;;;;;;
01/09/2011;0,00;3,36;0,54;1,63;;;;;;;;;;;
02/09/2011;0,00;3,31;1,46;1,55;;;;;;;;;;;
03/09/2011;0,00;3,95;0,49;2,03;;;;;;;;;;;
04/09/2011;0,00;1,71;0,49;2,00;;;;;;;;;;;
05/09/2011;0,00;2,03;9,71;2,27;;;;;;;;;;;
06/09/2011;0,00;1,84;6,00;2,32;;;;;;;;;;;
07/09/2011;0,00;1,69;3,80;1,99;;;;;;;;;;;
08/09/2011;0,00;0,82;4,39;2,23;;;;;;;;;;;
09/09/2011;0,00;1,25;1,22;2,52;;;;;;;;;;;
10/09/2011;0,00;3,30;9,80;2,05;;;;;;;;;;;
11/09/2011;8,13;1,08;15,12;1,96;;;;;;;;;;;
12/09/2011;0,57;2,29;2,49;2,29;;;;;;;;;;;
13/09/2011;0,00;1,92;2,73;1,78;;;;;;;;;;;
14/09/2011;0,00;2,22;0,83;1,62;;;;;;;;;;;
15/09/2011;0,00;2,33;6,29;2,09;;;;;;;;;;;
16/09/2011;0,80;2,01;11,07;1,75;;;;;;;;;;;
17/09/2011;3,69;1,70;1,32;1,40;;;;;;;;;;;
18/09/2011;10,89;1,13;0,68;2,17;;;;;;;;;;;
19/09/2011;4,83;1,64;0,68;1,73;;;;;;;;;;;
20/09/2011;0,33;0,88;2,10;1,70;;;;;;;;;;;
21/09/2011;0,00;1,33;1,00;1,86;;;;;;;;;;;
22/09/2011;0,00;1,47;0,39;1,85;;;;;;;;;;;
23/09/2011;0,00;1,98;13,17;1,24;;;;;;;;;;;
24/09/2011;0,00;2,62;5,12;1,66;;;;;;;;;;;
25/09/2011;0,00;2,66;2,00;1,29;;;;;;;;;;;
26/09/2011;0,00;2,34;0,49;1,21;;;;;;;;;;;
27/09/2011;0,00;1,54;1,22;1,29;;;;;;;;;;;
28/09/2011;0,00;2,77;2,29;1,67;;;;;;;;;;;
29/09/2011;0,00;3,10;0,15;1,31;;;;;;;;;;;
30/09/2011;0,00;3,30;5,95;1,71;;;;;;;;;;;
01/10/2011;0,00;2,78;4,54;1,21;;;;;;;;;;;
02/10/2011;0,00;2,64;4,83;1,27;;;;;;;;;;;
03/10/2011;0,00;2,92;2,24;1,17;;;;;;;;;;;
04/10/2011;0,29;1,09;0,73;1,02;;;;;;;;;;;
05/10/2011;1,41;1,04;0,00;1,18;;;;;;;;;;;
06/10/2011;6,85;0,73;7,27;1,07;;;;;;;;;;;
07/10/2011;16,88;0,84;3,37;1,53;;;;;;;;;;;
08/10/2011;12,80;0,57;5,27;1,12;;;;;;;;;;;
09/10/2011;5,29;0,88;5,76;0,88;;;;;;;;;;;
10/10/2011;1,19;1,39;6,54;0,93;;;;;;;;;;;
11/10/2011;5,81;0,65;2,88;1,72;;;;;;;;;;;
12/10/2011;14,13;0,43;0,59;0,81;;;;;;;;;;;
13/10/2011;0,75;0,80;1,17;0,64;;;;;;;;;;;
14/10/2011;0,00;1,73;0,05;0,79;;;;;;;;;;;
15/10/2011;0,00;2,07;1,00;0,97;;;;;;;;;;;
16/10/2011;0,00;1,83;1,00;0,75;;;;;;;;;;;
17/10/2011;0,00;0,84;0,00;0,86;;;;;;;;;;;
18/10/2011;2,79;0,72;2,00;1,11;;;;;;;;;;;
19/10/2011;2,26;1,11;0,00;0,98;;;;;;;;;;;
20/10/2011;0,41;0,88;2,00;1,78;;;;;;;;;;;
21/10/2011;0,00;1,13;0,24;0,89;;;;;;;;;;;
22/10/2011;0,00;1,13;0,98;0,55;;;;;;;;;;;
23/10/2011;0,00;1,36;1,37;0,88;;;;;;;;;;;
24/10/2011;0,17;1,21;0,44;0,72;;;;;;;;;;;
25/10/2011;0,00;1,16;1,12;1,08;;;;;;;;;;;
26/10/2011;0,00;1,30;2,20;0,73;;;;;;;;;;;
27/10/2011;0,00;0,95;13,46;0,49;;;;;;;;;;;
28/10/2011;0,00;1,04;1,02;0,90;;;;;;;;;;;
29/10/2011;0,00;0,74;6,78;0,80;;;;;;;;;;;
30/10/2011;0,17;0,62;13,85;1,63;;;;;;;;;;;
31/10/2011;0,00;0,84;12,34;2,65;;;;;;;;;;;
01/11/2011;0,64;1,05;5,12;0,91;;;;;;;;;;;
02/11/2011;0,41;0,70;1,02;1,03;;;;;;;;;;;
03/11/2011;0,29;1,20;10,05;1,15;;;;;;;;;;;
04/11/2011;0,17;1,30;24,73;0,64;;;;;;;;;;;
05/11/2011;0,00;1,02;0,98;0,64;;;;;;;;;;;
06/11/2011;0,00;0,58;2,49;0,40;;;;;;;;;;;
07/11/2011;0,29;0,16;8,39;0,94;;;;;;;;;;;
08/11/2011;0,00;0,55;0,29;0,39;;;;;;;;;;;
09/11/2011;0,00;1,13;1,00;0,67;;;;;;;;;;;
10/11/2011;0,00;1,13;0,00;0,44;;;;;;;;;;;
11/11/2011;0,00;0,20;1,00;0,62;;;;;;;;;;;
12/11/2011;0,00;0,92;0,00;0,26;;;;;;;;;;;
13/11/2011;0,00;1,03;1,00;0,34;;;;;;;;;;;
14/11/2011;0,00;1,12;2,15;0,36;;;;;;;;;;;
15/11/2011;0,00;1,49;7,56;1,08;;;;;;;;;;;
16/11/2011;0,00;1,28;3,22;0,91;;;;;;;;;;;
17/11/2011;0,00;0,24;0,00;0,52;;;;;;;;;;;
18/11/2011;0,17;0,33;0,00;0,60;;;;;;;;;;;
19/11/2011;0,00;0,75;0,00;0,62;;;;;;;;;;;
20/11/2011;0,00;0,71;0,10;0,34;;;;;;;;;;;
21/11/2011;0,00;0,82;2,39;0,35;;;;;;;;;;;
22/11/2011;0,00;0,53;3,32;0,74;;;;;;;;;;;
23/11/2011;0,00;0,18;13,51;0,86;;;;;;;;;;;
24/11/2011;0,00;0,80;5,66;0,60;;;;;;;;;;;
25/11/2011;0,64;0,75;10,10;0,47;;;;;;;;;;;
26/11/2011;0,00;0,22;6,63;0,95;;;;;;;;;;;
27/11/2011;2,58;0,28;14,59;0,87;;;;;;;;;;;
28/11/2011;0,00;0,53;17,66;0,84;;;;;;;;;;;
29/11/2011;2,68;0,28;17,66;1,25;;;;;;;;;;;
30/11/2011;0,17;0,45;7,41;2,53;;;;;;;;;;;
01/12/2011;9,01;0,27;8,39;1,51;;;;;;;;;;;
02/12/2011;9,52;0,30;12,15;0,92;;;;;;;;;;;
03/12/2011;16,17;0,23;6,59;0,94;;;;;;;;;;;
04/12/2011;23,19;0,25;0,88;0,57;;;;;;;;;;;
05/12/2011;16,00;0,32;13,80;0,84;;;;;;;;;;;
06/12/2011;1,94;0,38;4,39;1,88;;;;;;;;;;;
07/12/2011;27,00;0,49;9,27;1,62;;;;;;;;;;;
08/12/2011;15,00;0,39;12,59;0,57;;;;;;;;;;;
09/12/2011;23,00;0,53;1,22;0,81;;;;;;;;;;;
10/12/2011;0,00;0,42;1,71;0,73;;;;;;;;;;;
11/12/2011;0,17;0,33;1,56;0,42;;;;;;;;;;;
12/12/2011;23,00;0,33;0,00;0,36;;;;;;;;;;;
13/12/2011;21,00;0,33;0,15;0,32;;;;;;;;;;;
14/12/2011;18,82;0,29;0,00;0,80;;;;;;;;;;;
15/12/2011;7,77;0,26;3,46;0,34;;;;;;;;;;;
16/12/2011;54,00;0,18;19,95;0,88;;;;;;;;;;;
17/12/2011;4,36;0,17;0,39;1,13;;;;;;;;;;;
18/12/2011;3,63;0,11;0,34;0,46;;;;;;;;;;;
19/12/2011;2,37;0,18;0,00;0,62;;;;;;;;;;;
20/12/2011;30,00;0,14;6,20;0,52;;;;;;;;;;;
21/12/2011;2,26;0,10;15,56;0,83;;;;;;;;;;;
22/12/2011;9,93;0,11;14,63;0,65;;;;;;;;;;;
23/12/2011;5,40;0,16;23,71;1,18;;;;;;;;;;;
24/12/2011;25,00;0,17;11,32;0,72;;;;;;;;;;;
25/12/2011;13,00;0,14;3,95;1,44;;;;;;;;;;;
26/12/2011;1,30;0,15;4,24;0,56;;;;;;;;;;;
27/12/2011;0,00;0,10;4,00;0,36;;;;;;;;;;;
28/12/2011;11,00;0,13;1,56;0,17;;;;;;;;;;;
29/12/2011;21,00;0,27;7,51;0,42;;;;;;;;;;;
30/12/2011;5,61;0,20;1,66;0,47;;;;;;;;;;;
31/12/2011;11,88;0,22;4,83;0,81;;;;;;;;;;;
01/01/2012;15,97;0,34;3,46;1,04;;;;;;;;;;;
02/01/2012;18,51;0,27;7,32;0,57;;;;;;;;;;;
03/01/2012;15,15;0,34;4,00;0,90;;;;;;;;;;;
04/01/2012;6,33;0,48;20,15;0,80;;;;;;;;;;;
05/01/2012;34,05;0,33;12,93;1,26;;;;;;;;;;;
06/01/2012;9,21;0,19;9,12;0,98;;;;;;;;;;;
07/01/2012;14,54;0,26;10,98;1,11;;;;;;;;;;;
08/01/2012;7,16;0,18;5,71;1,26;;;;;;;;;;;
09/01/2012;4,36;0,15;6,49;0,84;;;;;;;;;;;
10/01/2012;0,00;0,18;5,56;0,70;;;;;;;;;;;
11/01/2012;0,00;0,36;9,12;0,43;;;;;;;;;;;
12/01/2012;4,26;0,26;2,44;0,56;;;;;;;;;;;
13/01/2012;0,86;0,30;0,00;0,98;;;;;;;;;;;
14/01/2012;0,00;0,37;0,00;0,52;;;;;;;;;;;
15/01/2012;0,00;0,37;2,15;0,83;;;;;;;;;;;
16/01/2012;0,00;0,97;0,29;1,02;;;;;;;;;;;
17/01/2012;0,00;0,99;0,00;0,34;;;;;;;;;;;
18/01/2012;4,46;0,60;1,00;0,53;;;;;;;;;;;
19/01/2012;51,00;0,25;1,71;1,18;;;;;;;;;;;
20/01/2012;10,24;0,23;0,05;0,50;;;;;;;;;;;
21/01/2012;20,25;0,38;3,37;0,51;;;;;;;;;;;
22/01/2012;3,73;0,78;0,34;0,52;;;;;;;;;;;
23/01/2012;8,49;0,42;0,78;1,29;;;;;;;;;;;
24/01/2012;1,08;0,26;0,00;1,00;;;;;;;;;;;
25/01/2012;0,00;0,33;0,54;1,42;;;;;;;;;;;
26/01/2012;2,37;0,35;1,22;0,77;;;;;;;;;;;
27/01/2012;0,00;0,54;10,44;0,73;;;;;;;;;;;
28/01/2012;0,00;0,41;11,17;0,47;;;;;;;;;;;
29/01/2012;0,00;0,26;5,41;1,26;;;;;;;;;;;
30/01/2012;5,19;0,15;9,22;0,81;;;;;;;;;;;
31/01/2012;0,41;0,35;15,66;1,10;;;;;;;;;;;
01/02/2012;0,00;0,56;3,90;1,05;;;;;;;;;;;
02/02/2012;0,00;0,58;3,71;0,92;;;;;;;;;;;
03/02/2012;0,00;0,49;4,29;0,52;;;;;;;;;;;
04/02/2012;0,00;0,52;4,93;0,70;;;;;;;;;;;
05/02/2012;0,00;0,70;3,32;0,39;;;;;;;;;;;
06/02/2012;0,00;0,76;9,27;0,84;;;;;;;;;;;
07/02/2012;0,52;0,52;10,98;1,35;;;;;;;;;;;
08/02/2012;0,00;0,42;6,10;1,04;;;;;;;;;;;
09/02/2012;0,29;0,30;13,71;1,16;;;;;;;;;;;
10/02/2012;0,00;0,59;3,51;1,46;;;;;;;;;;;
11/02/2012;0,00;0,55;10,29;1,11;;;;;;;;;;;
12/02/2012;0,00;0,78;5,71;1,60;;;;;;;;;;;
13/02/2012;2,05;0,22;3,76;0,76;;;;;;;;;;;
14/02/2012;9,11;0,26;2,15;0,93;;;;;;;;;;;
15/02/2012;7,16;0,27;9,41;1,30;;;;;;;;;;;
16/02/2012;2,26;0,35;3,80;0,65;;;;;;;;;;;
17/02/2012;0,86;0,34;6,29;0,76;;;;;;;;;;;
18/02/2012;7,67;0,27;2,10;0,63;;;;;;;;;;;
19/02/2012;8,19;0,40;0,00;0,61;;;;;;;;;;;
20/02/2012;0,00;0,79;11,95;1,15;;;;;;;;;;;
21/02/2012;0,00;0,75;0,49;0,76;;;;;;;;;;;
22/02/2012;0,00;1,33;0,54;0,94;;;;;;;;;;;
23/02/2012;3,73;0,37;5,41;0,97;;;;;;;;;;;
24/02/2012;1,30;0,39;3,61;1,89;;;;;;;;;;;
25/02/2012;0,86;0,68;2,05;0,92;;;;;;;;;;;
26/02/2012;17,00;0,26;18,05;0,97;;;;;;;;;;;
27/02/2012;0,00;0,79;5,90;1,53;;;;;;;;;;;
28/02/2012;0,41;0,40;2,54;1,00;;;;;;;;;;;
29/02/2012;0,00;0,59;2,88;1,00;;;;;;;;;;;
01/03/2012;0,00;1,64;11,80;0,88;;;;;;;;;;;
02/03/2012;0,00;0,55;8,34;1,48;;;;;;;;;;;
03/03/2012;0,17;0,47;0,88;2,11;;;;;;;;;;;
04/03/2012;14,00;0,36;0,68;1,03;;;;;;;;;;;
05/03/2012;2,89;0,40;8,88;1,17;;;;;;;;;;;
06/03/2012;1,51;0,55;7,07;0,94;;;;;;;;;;;
07/03/2012;13,21;0,56;7,02;0,71;;;;;;;;;;;
08/03/2012;0,17;0,61;5,32;0,89;;;;;;;;;;;
09/03/2012;0,00;1,29;4,34;1,14;;;;;;;;;;;
10/03/2012;2,05;0,44;1,71;0,90;;;;;;;;;;;
11/03/2012;0,86;0,67;0,29;1,18;;;;;;;;;;;
12/03/2012;0,00;1,23;4,34;1,03;;;;;;;;;;;
13/03/2012;0,00;0,35;3,71;0,82;;;;;;;;;;;
14/03/2012;0,00;1,53;1,85;1,43;;;;;;;;;;;
15/03/2012;0,00;3,52;1,66;1,03;;;;;;;;;;;
16/03/2012;0,00;3,77;1,27;0,98;;;;;;;;;;;
17/03/2012;0,00;1,89;1,85;0,98;;;;;;;;;;;
18/03/2012;4,26;0,60;0,59;1,34;;;;;;;;;;;
19/03/2012;0,00;1,70;0,05;1,41;;;;;;;;;;;
20/03/2012;0,00;2,23;2,93;1,20;;;;;;;;;;;
21/03/2012;0,00;2,61;0,15;0,98;;;;;;;;;;;
22/03/2012;0,00;3,29;0,00;1,36;;;;;;;;;;;
23/03/2012;0,00;2,95;4,83;1,97;;;;;;;;;;;
24/03/2012;0,00;2,81;5,27;1,14;;;;;;;;;;;
25/03/2012;0,00;2,93;0,98;1,77;;;;;;;;;;;
26/03/2012;0,00;3,26;1,46;1,12;;;;;;;;;;;
27/03/2012;0,00;2,88;0,00;1,94;;;;;;;;;;;
28/03/2012;0,00;3,12;0,15;1,48;;;;;;;;;;;
29/03/2012;0,00;1,99;0,15;1,32;;;;;;;;;;;
30/03/2012;0,97;0,39;0,00;1,31;;;;;;;;;;;
31/03/2012;0,64;0,41;2,78;1,51;;;;;;;;;;;
01/04/2012;0,00;2,47;2,15;1,50;;;;;;;;;;;
02/04/2012;0,00;2,27;1,22;1,59;;;;;;;;;;;
03/04/2012;0,86;2,95;0,00;1,19;;;;;;;;;;;
04/04/2012;0,00;0,78;0,00;1,21;;;;;;;;;;;
05/04/2012;0,00;0,41;1,00;1,61;;;;;;;;;;;
06/04/2012;0,00;2,21;1,00;1,98;;;;;;;;;;;
07/04/2012;2,47;0,61;9,66;2,36;;;;;;;;;;;
08/04/2012;0,17;2,25;0,00;1,46;;;;;;;;;;;
09/04/2012;17,09;0,63;1,00;2,15;;;;;;;;;;;
10/04/2012;6,43;0,89;0,78;2,03;;;;;;;;;;;
11/04/2012;0,17;1,86;3,22;2,14;;;;;;;;;;;
12/04/2012;2,68;1,24;0,20;1,36;;;;;;;;;;;
13/04/2012;0,00;1,29;0,00;1,64;;;;;;;;;;;
14/04/2012;0,00;1,34;0,00;1,79;;;;;;;;;;;
15/04/2012;2,37;0,31;1,00;2,29;;;;;;;;;;;
16/04/2012;0,00;1,48;1,00;1,91;;;;;;;;;;;
17/04/2012;3,52;2,13;1,00;1,95;;;;;;;;;;;
18/04/2012;2,58;1,51;0,10;1,85;;;;;;;;;;;
19/04/2012;7,36;1,53;8,24;2,46;;;;;;;;;;;
20/04/2012;0,75;1,74;4,68;2,45;;;;;;;;;;;
21/04/2012;10,24;1,35;0,93;2,29;;;;;;;;;;;
22/04/2012;7,77;1,59;0,24;2,41;;;;;;;;;;;
23/04/2012;1,73;1,91;1,37;2,45;;;;;;;;;;;
24/04/2012;5,09;0,93;1,46;2,24;;;;;;;;;;;
25/04/2012;9,01;1,22;0,39;2,59;;;;;;;;;;;
26/04/2012;7,16;1,46;7,51;1,35;;;;;;;;;;;
27/04/2012;7,47;1,99;0,78;1,82;;;;;;;;;;;
28/04/2012;0,52;4,02;0,00;2,07;;;;;;;;;;;
29/04/2012;0,00;2,92;1,41;2,96;;;;;;;;;;;
30/04/2012;0,00;3,12;0,00;2,60;;;;;;;;;;;
01/05/2012;0,57;3,14;0,00;2,89;;;;;;;;;;;
02/05/2012;9,26;1,03;2,00;3,54;;;;;;;;;;;
03/05/2012;0,00;1,21;3,00;4,55;;;;;;;;;;;
04/05/2012;14,36;2,64;0,00;3,20;;;;;;;;;;;
05/05/2012;9,05;0,58;2,00;3,35;;;;;;;;;;;
06/05/2012;8,03;0,60;0,68;3,43;;;;;;;;;;;
07/05/2012;0,00;1,69;0,00;3,20;;;;;;;;;;;
08/05/2012;0,20;3,42;2,00;3,88;;;;;;;;;;;
09/05/2012;4,10;1,91;2,00;4,39;;;;;;;;;;;
10/05/2012;0,20;3,48;2,00;4,25;;;;;;;;;;;
11/05/2012;2,53;1,85;1,00;4,30;;;;;;;;;;;
12/05/2012;0,00;1,79;1,00;4,25;;;;;;;;;;;
13/05/2012;0,00;3,26;0,00;3,29;;;;;;;;;;;
14/05/2012;0,00;4,23;2,00;4,35;;;;;;;;;;;
15/05/2012;9,05;1,80;5,37;4,13;;;;;;;;;;;
16/05/2012;3,06;1,86;1,71;3,28;;;;;;;;;;;
17/05/2012;0,00;3,95;3,66;2,88;;;;;;;;;;;
18/05/2012;1,89;2,08;3,07;2,12;;;;;;;;;;;
19/05/2012;0,00;2,96;1,00;2,29;;;;;;;;;;;
20/05/2012;22,79;2,33;0,24;2,86;;;;;;;;;;;
21/05/2012;0,33;2,41;0,73;2,27;;;;;;;;;;;
22/05/2012;0,00;4,27;3,37;2,86;;;;;;;;;;;
23/05/2012;0,00;4,15;6,44;2,37;;;;;;;;;;;
24/05/2012;0,00;4,93;1,46;2,49;;;;;;;;;;;
25/05/2012;0,00;5,67;1,41;2,74;;;;;;;;;;;
26/05/2012;0,00;5,78;6,59;2,73;;;;;;;;;;;
27/05/2012;0,00;4,37;1,00;3,03;;;;;;;;;;;
28/05/2012;0,00;5,64;0,68;2,78;;;;;;;;;;;
29/05/2012;4,41;4,61;0,78;2,38;;;;;;;;;;;
30/05/2012;0,00;3,78;0,83;2,93;;;;;;;;;;;
31/05/2012;5,56;2,32;5,71;2,66;;;;;;;;;;;
01/06/2012;1,35;2,53;5,66;2,57;;;;;;;;;;;
02/06/2012;0,20;2,55;1,00;2,81;;;;;;;;;;;
03/06/2012;9,56;0,99;0,15;3,63;;;;;;;;;;;
04/06/2012;9,15;1,91;1,80;3,70;;;;;;;;;;;
05/06/2012;0,00;3,35;0,29;2,34;;;;;;;;;;;
06/06/2012;11,61;1,82;2,10;2,28;;;;;;;;;;;
07/06/2012;0,57;2,59;2,59;2,55;;;;;;;;;;;
08/06/2012;10,08;3,31;1,90;2,72;;;;;;;;;;;
09/06/2012;0,00;2,81;0,24;2,91;;;;;;;;;;;
10/06/2012;0,00;2,50;1,80;2,97;;;;;;;;;;;
11/06/2012;13,24;1,68;3,90;2,79;;;;;;;;;;;
12/06/2012;0,91;2,46;9,41;2,36;;;;;;;;;;;
13/06/2012;4,41;0,88;1,02;3,15;;;;;;;;;;;
14/06/2012;0,57;2,02;0,44;2,41;;;;;;;;;;;
15/06/2012;6,90;1,56;1,00;3,03;;;;;;;;;;;
16/06/2012;5,87;1,29;1,05;2,97;;;;;;;;;;;
17/06/2012;0,00;4,59;0,34;3,59;;;;;;;;;;;
18/06/2012;0,46;2,99;2,44;3,53;;;;;;;;;;;
19/06/2012;1,79;1,71;0,00;4,04;;;;;;;;;;;
20/06/2012;6,90;1,41;9,85;3,68;;;;;;;;;;;
21/06/2012;10,79;3,05;4,00;3,02;;;;;;;;;;;
22/06/2012;0,00;3,53;3,02;3,06;;;;;;;;;;;
23/06/2012;0,00;3,60;1,32;3,15;;;;;;;;;;;
24/06/2012;15,38;1,76;0,00;2,22;;;;;;;;;;;
25/06/2012;0,91;1,71;0,00;3,30;;;;;;;;;;;
26/06/2012;0,00;3,72;0,00;3,11;;;;;;;;;;;
27/06/2012;1,03;2,06;2,00;3,20;;;;;;;;;;;
28/06/2012;2,95;5,22;2,00;3,25;;;;;;;;;;;
29/06/2012;5,56;1,96;0,00;3,17;;;;;;;;;;;
30/06/2012;0,20;3,55;1,00;3,48;;;;;;;;;;;
01/07/2012;0,00;3,04;2,00;3,46;;;;;;;;;;;
02/07/2012;0,00;2,85;2,00;3,53;;;;;;;;;;;
03/07/2012;0,00;3,85;1,00;3,67;;;;;;;;;;;
04/07/2012;0,00;4,29;1,00;3,48;;;;;;;;;;;
05/07/2012;6,90;2,79;0,29;3,21;;;;;;;;;;;
06/07/2012;4,93;3,24;0,15;2,58;;;;;;;;;;;
07/07/2012;2,32;3,86;1,51;3,17;;;;;;;;;;;
08/07/2012;10,08;1,86;5,90;2,76;;;;;;;;;;;
09/07/2012;0,20;3,13;4,54;2,33;;;;;;;;;;;
10/07/2012;0,33;3,28;0,63;2,64;;;;;;;;;;;
11/07/2012;5,76;2,45;0,00;2,94;;;;;;;;;;;
12/07/2012;3,58;3,01;1,95;2,76;;;;;;;;;;;
13/07/2012;15,58;1,62;3,61;2,84;;;;;;;;;;;
14/07/2012;19,04;1,74;0,00;2,49;;;;;;;;;;;
15/07/2012;9,36;1,84;0,00;2,82;;;;;;;;;;;
16/07/2012;5,76;2,55;1,00;3,36;;;;;;;;;;;
17/07/2012;9,46;1,47;0,00;3,32;;;;;;;;;;;
18/07/2012;0,00;3,87;0,15;2,79;;;;;;;;;;;
19/07/2012;0,33;2,66;0,29;3,07;;;;;;;;;;;
20/07/2012;0,57;1,92;1,00;3,00;;;;;;;;;;;
21/07/2012;0,00;2,25;0,00;2,74;;;;;;;;;;;
22/07/2012;0,00;4,03;1,00;3,17;;;;;;;;;;;
23/07/2012;0,00;5,54;2,00;4,42;;;;;;;;;;;
24/07/2012;0,00;4,96;2,00;4,36;;;;;;;;;;;
25/07/2012;0,00;4,56;3,00;3,50;;;;;;;;;;;
26/07/2012;0,00;4,20;0,00;2,77;;;;;;;;;;;
27/07/2012;14,97;4,22;2,00;3,19;;;;;;;;;;;
28/07/2012;11,10;1,87;0,83;3,60;;;;;;;;;;;
29/07/2012;0,00;3,78;1,00;3,53;;;;;;;;;;;
30/07/2012;5,45;3,07;1,00;3,11;;;;;;;;;;;
31/07/2012;0,00;2,90;6,98;3,91;;;;;;;;;;;
01/08/2012;0,00;5,47;0,83;3,40;;;;;;;;;;;
02/08/2012;4,31;3,01;8,29;3,10;;;;;;;;;;;
03/08/2012;0,20;3,18;0,15;2,87;;;;;;;;;;;
04/08/2012;0,46;4,14;0,24;2,86;;;;;;;;;;;
05/08/2012;21,98;3,06;4,15;2,69;;;;;;;;;;;
06/08/2012;0,20;2,73;1,12;2,31;;;;;;;;;;;
07/08/2012;0,00;2,62;5,37;2,74;;;;;;;;;;;
08/08/2012;0,33;2,29;5,32;2,38;;;;;;;;;;;
09/08/2012;0,20;3,10;8,44;3,06;;;;;;;;;;;
10/08/2012;0,20;3,85;0,15;2,33;;;;;;;;;;;
11/08/2012;0,57;4,12;1,00;2,64;;;;;;;;;;;
12/08/2012;0,00;4,18;0,73;2,73;;;;;;;;;;;
13/08/2012;0,00;2,86;8,05;2,55;;;;;;;;;;;
14/08/2012;10,38;3,07;4,39;2,57;;;;;;;;;;;
15/08/2012;0,33;4,53;1,46;2,85;;;;;;;;;;;
16/08/2012;0,20;4,10;6,29;2,75;;;;;;;;;;;
17/08/2012;0,00;4,75;1,27;2,51;;;;;;;;;;;
18/08/2012;0,00;5,95;0,00;2,66;;;;;;;;;;;
19/08/2012;0,00;5,80;3,22;2,37;;;;;;;;;;;
20/08/2012;4,21;2,73;0,68;2,52;;;;;;;;;;;
21/08/2012;0,20;3,33;2,00;2,62;;;;;;;;;;;
22/08/2012;0,69;3,27;1,00;2,72;;;;;;;;;;;
23/08/2012;0,20;3,99;1,02;3,07;;;;;;;;;;;
24/08/2012;8,54;2,73;0,10;2,40;;;;;;;;;;;
25/08/2012;0,80;2,55;5,71;2,10;;;;;;;;;;;
26/08/2012;21,98;0,82;3,27;2,56;;;;;;;;;;;
27/08/2012;0,00;3,42;0,05;2,17;;;;;;;;;;;
28/08/2012;1,79;2,80;2,10;2,32;;;;;;;;;;;
29/08/2012;0,00;3,31;1,00;2,43;;;;;;;;;;;
30/08/2012;3,37;2,34;9,61;2,57;;;;;;;;;;;
31/08/2012;25,73;0,57;2,88;2,08;;;;;;;;;;;
01/09/2012;0,00;2,84;0,00;2,33;;;;;;;;;;;
02/09/2012;0,00;2,95;1,00;2,03;;;;;;;;;;;
03/09/2012;0,00;1,36;1,00;2,33;;;;;;;;;;;
04/09/2012;0,00;3,42;2,98;2,52;;;;;;;;;;;
05/09/2012;0,20;1,87;11,95;1,89;;;;;;;;;;;
06/09/2012;0,00;2,42;13,61;2,13;;;;;;;;;;;
07/09/2012;0,00;3,76;3,41;1,72;;;;;;;;;;;
08/09/2012;0,00;3,85;3,22;2,04;;;;;;;;;;;
09/09/2012;0,00;4,47;0,78;1,70;;;;;;;;;;;
10/09/2012;0,00;3,48;9,71;1,59;;;;;;;;;;;
11/09/2012;5,04;1,53;5,56;1,59;;;;;;;;;;;
12/09/2012;0,91;1,43;1,12;1,37;;;;;;;;;;;
13/09/2012;0,33;0,81;1,76;1,44;;;;;;;;;;;
14/09/2012;3,69;1,12;0,73;1,22;;;;;;;;;;;
15/09/2012;0,00;1,41;0,20;1,83;;;;;;;;;;;
16/09/2012;0,00;2,84;2,24;1,50;;;;;;;;;;;
17/09/2012;0,00;2,37;4,68;1,37;;;;;;;;;;;
18/09/2012;0,00;1,14;1,46;1,66;;;;;;;;;;;
19/09/2012;0,46;1,75;6,00;1,63;;;;;;;;;;;
20/09/2012;0,00;1,97;0,54;1,59;;;;;;;;;;;
21/09/2012;0,00;1,90;6,05;2,01;;;;;;;;;;;
22/09/2012;0,91;1,50;0,93;1,10;;;;;;;;;;;
23/09/2012;0,00;1,87;0,49;1,38;;;;;;;;;;;
24/09/2012;5,35;1,19;7,46;1,97;;;;;;;;;;;
25/09/2012;9,36;0,85;1,05;1,46;;;;;;;;;;;
26/09/2012;8,95;0,86;2,59;1,77;;;;;;;;;;;
27/09/2012;8,95;0,95;10,54;1,07;;;;;;;;;;;
28/09/2012;0,00;1,37;1,46;1,46;;;;;;;;;;;
29/09/2012;0,00;1,05;1,85;1,15;;;;;;;;;;;
30/09/2012;0,00;2,21;0,00;1,26;;;;;;;;;;;
01/10/2012;0,00;2,46;2,88;1,96;;;;;;;;;;;
02/10/2012;2,16;0,71;6,15;1,49;;;;;;;;;;;
03/10/2012;33,44;0,71;18,54;2,48;;;;;;;;;;;
04/10/2012;27,26;0,77;6,34;1,97;;;;;;;;;;;
05/10/2012;20,25;0,57;4,24;1,16;;;;;;;;;;;
06/10/2012;20,25;0,66;2,54;1,19;;;;;;;;;;;
07/10/2012;1,84;1,37;4,63;0,98;;;;;;;;;;;
08/10/2012;7,47;1,12;3,76;1,35;;;;;;;;;;;
09/10/2012;0,52;0,99;10,00;1,23;;;;;;;;;;;
10/10/2012;0,00;1,35;6,59;0,59;;;;;;;;;;;
11/10/2012;2,47;1,64;0,93;0,96;;;;;;;;;;;
12/10/2012;6,74;0,80;0,00;0,77;;;;;;;;;;;
13/10/2012;10,86;0,78;5,80;1,06;;;;;;;;;;;
14/10/2012;5,71;0,43;5,80;1,11;;;;;;;;;;;
15/10/2012;1,62;0,99;5,76;1,06;;;;;;;;;;;
16/10/2012;2,47;0,46;3,12;1,25;;;;;;;;;;;
17/10/2012;0,29;0,70;15,46;0,87;;;;;;;;;;;
18/10/2012;0,00;1,95;10,10;0,91;;;;;;;;;;;
19/10/2012;0,00;2,65;3,46;0,93;;;;;;;;;;;
20/10/2012;0,00;1,41;6,15;0,85;;;;;;;;;;;
21/10/2012;0,00;1,63;0,59;1,12;;;;;;;;;;;
22/10/2012;0,00;1,36;9,07;1,33;;;;;;;;;;;
23/10/2012;0,00;1,70;11,46;0,61;;;;;;;;;;;
24/10/2012;0,00;1,52;5,02;0,54;;;;;;;;;;;
25/10/2012;1,94;0,48;8,83;0,74;;;;;;;;;;;
26/10/2012;18,51;0,19;7,41;0,85;;;;;;;;;;;
27/10/2012;0,00;0,75;1,95;0,69;;;;;;;;;;;
28/10/2012;0,00;1,05;2,46;1,00;;;;;;;;;;;
29/10/2012;7,57;0,49;4,83;0,87;;;;;;;;;;;
30/10/2012;12,49;0,43;4,49;0,80;;;;;;;;;;;
31/10/2012;0,00;1,31;5,07;1,01;;;;;;;;;;;
01/11/2012;10,65;0,57;2,83;1,02;;;;;;;;;;;
02/11/2012;5,81;0,53;0,00;0,71;;;;;;;;;;;
03/11/2012;13,31;0,29;4,29;0,85;;;;;;;;;;;
04/11/2012;5,81;0,34;1,17;1,03;;;;;;;;;;;
05/11/2012;2,79;0,39;0,00;1,29;;;;;;;;;;;
06/11/2012;2,37;0,58;0,49;0,54;;;;;;;;;;;
07/11/2012;5,50;0,35;0,00;0,46;;;;;;;;;;;
08/11/2012;0,00;0,41;0,24;0,56;;;;;;;;;;;
09/11/2012;0,00;0,73;0,24;0,30;;;;;;;;;;;
10/11/2012;3,63;0,38;4,05;0,73;;;;;;;;;;;
11/11/2012;0,29;0,71;3,17;0,46;;;;;;;;;;;
12/11/2012;0,00;0,72;2,93;0,41;;;;;;;;;;;
13/11/2012;0,00;0,31;3,41;0,64;;;;;;;;;;;
14/11/2012;0,00;0,87;0,49;0,51;;;;;;;;;;;
15/11/2012;0,00;0,14;4,88;0,85;;;;;;;;;;;
16/11/2012;0,00;0,82;3,41;0,78;;;;;;;;;;;
17/11/2012;0,00;0,62;7,32;0,78;;;;;;;;;;;
18/11/2012;1,62;0,18;3,22;0,70;;;;;;;;;;;
19/11/2012;0,00;0,36;2,73;0,58;;;;;;;;;;;
20/11/2012;0,00;0,82;0,00;0,43;;;;;;;;;;;
21/11/2012;0,41;0,49;1,02;0,91;;;;;;;;;;;
22/11/2012;0,00;0,51;6,34;0,54;;;;;;;;;;;
23/11/2012;9,42;0,36;6,59;0,24;;;;;;;;;;;
24/11/2012;2,68;0,27;1,80;0,55;;;;;;;;;;;
25/11/2012;0,29;0,94;1,37;0,58;;;;;;;;;;;
26/11/2012;4,26;0,28;7,32;0,52;;;;;;;;;;;
27/11/2012;0,17;0,34;4,44;0,64;;;;;;;;;;;
28/11/2012;0,29;0,13;3,85;0,51;;;;;;;;;;;
29/11/2012;1,41;0,20;20,98;0,70;;;;;;;;;;;
30/11/2012;0,13;0,34;4,78;1,09;;;;;;;;;;;
01/12/2012;2,14;0,18;14,00;0,73;;;;;;;;;;;
02/12/2012;12,06;0,15;7,90;0,70;;;;;;;;;;;
03/12/2012;9,94;0,16;7,17;0,55;;;;;;;;;;;
04/12/2012;1,08;0,22;17,46;0,70;;;;;;;;;;;
05/12/2012;4,99;0,13;2,98;0,54;;;;;;;;;;;
06/12/2012;1,68;0,25;0,59;0,74;;;;;;;;;;;
07/12/2012;7,03;0,18;0,83;0,24;;;;;;;;;;;
08/12/2012;0,00;0,36;11,32;0,31;;;;;;;;;;;
09/12/2012;17,05;0,16;18,98;0,56;;;;;;;;;;;
10/12/2012;7,59;0,17;2,05;0,44;;;;;;;;;;;
11/12/2012;0,97;0,12;0,34;0,45;;;;;;;;;;;
12/12/2012;0,00;0,31;9,07;0,89;;;;;;;;;;;
13/12/2012;0,13;0,51;15,22;1,11;;;;;;;;;;;
14/12/2012;6,02;0,19;0,98;0,52;;;;;;;;;;;
15/12/2012;8,80;0,26;0,00;0,66;;;;;;;;;;;
16/12/2012;10,55;0,27;0,20;0,45;;;;;;;;;;;
17/12/2012;11,06;0,22;0,49;0,40;;;;;;;;;;;
18/12/2012;0,17;0,15;0,00;0,62;;;;;;;;;;;
19/12/2012;0,29;0,18;13,95;0,47;;;;;;;;;;;
20/12/2012;5,79;0,20;8,10;0,14;;;;;;;;;;;
21/12/2012;5,61;0,15;0,10;0,72;;;;;;;;;;;
22/12/2012;23,40;0,21;0,00;0,34;;;;;;;;;;;
23/12/2012;27,97;0,33;0,00;0,60;;;;;;;;;;;
24/12/2012;0,52;0,77;0,00;1,16;;;;;;;;;;;
25/12/2012;17,09;0,52;0,00;0,53;;;;;;;;;;;
26/12/2012;18,72;0,39;0,00;0,49;;;;;;;;;;;
27/12/2012;15,86;0,33;6,83;0,76;;;;;;;;;;;
28/12/2012;6,95;0,22;0,00;0,43;;;;;;;;;;;
29/12/2012;3,42;0,53;0,00;0,28;;;;;;;;;;;
30/12/2012;5,19;0,52;1,32;0,52;;;;;;;;;;;
31/12/2012;0,75;0,55;11,32;1,02;;;;;;;;;;;
01/01/2013;16,78;0,27;12,63;0,81;;;;;;;;;;;
02/01/2013;1,51;0,21;3,12;0,29;;;;;;;;;;;
03/01/2013;14,00;0,24;11,27;0,93;;;;;;;;;;;
04/01/2013;1,41;0,23;3,56;0,36;;;;;;;;;;;
05/01/2013;0,52;0,15;2,05;0,26;;;;;;;;;;;
06/01/2013;0,00;0,17;7,95;0,40;;;;;;;;;;;
07/01/2013;0,00;0,18;2,20;0,36;;;;;;;;;;;
08/01/2013;0,00;0,12;1,17;0,50;;;;;;;;;;;
09/01/2013;15,00;0,11;0,00;0,36;;;;;;;;;;;
10/01/2013;0,00;0,19;0,00;0,37;;;;;;;;;;;
11/01/2013;0,50;0,22;0,00;0,27;;;;;;;;;;;
12/01/2013;0,00;0,55;0,00;0,74;;;;;;;;;;;
13/01/2013;0,00;0,35;0,00;0,94;;;;;;;;;;;
14/01/2013;0,50;0,27;0,00;0,61;;;;;;;;;;;
15/01/2013;3,97;0,25;1,00;0,96;;;;;;;;;;;
16/01/2013;0,86;0,15;0,00;0,80;;;;;;;;;;;
17/01/2013;0,00;0,16;0,00;0,28;;;;;;;;;;;
18/01/2013;0,00;0,17;0,00;0,44;;;;;;;;;;;
19/01/2013;0,00;0,14;0,00;0,43;;;;;;;;;;;
20/01/2013;4,43;0,13;1,02;0,89;;;;;;;;;;;
21/01/2013;0,00;0,14;0,83;1,29;;;;;;;;;;;
22/01/2013;0,62;0,10;2,49;0,43;;;;;;;;;;;
23/01/2013;0,00;0,20;7,12;0,59;;;;;;;;;;;
24/01/2013;0,00;0,16;4,78;0,59;;;;;;;;;;;
25/01/2013;0,00;0,18;1,76;0,84;;;;;;;;;;;
26/01/2013;0,13;0,25;12,34;0,59;;;;;;;;;;;
27/01/2013;5,92;0,29;2,29;0,37;;;;;;;;;;;
28/01/2013;3,31;0,29;2,05;0,48;;;;;;;;;;;
29/01/2013;50,00;0,45;1,32;0,46;;;;;;;;;;;
30/01/2013;36,00;0,59;0,54;0,66;;;;;;;;;;;
31/01/2013;2,79;0,63;0,29;0,17;;;;;;;;;;;
01/02/2013;25,64;0,28;7,51;0,46;;;;;;;;;;;
02/02/2013;6,01;0,22;2,39;0,58;;;;;;;;;;;
03/02/2013;5,67;0,25;3,22;0,39;;;;;;;;;;;
04/02/2013;8,80;0,29;0,05;0,62;;;;;;;;;;;
05/02/2013;9,60;0,45;1,32;0,31;;;;;;;;;;;
06/02/2013;8,15;0,24;5,17;0,26;;;;;;;;;;;
07/02/2013;11,28;0,30;0,00;0,55;;;;;;;;;;;
08/02/2013;2,72;0,25;0,05;0,54;;;;;;;;;;;
09/02/2013;2,72;0,44;1,51;0,90;;;;;;;;;;;
10/02/2013;0,00;0,66;7,12;0,86;;;;;;;;;;;
11/02/2013;2,14;0,42;1,71;1,19;;;;;;;;;;;
12/02/2013;0,00;0,34;0,00;0,77;;;;;;;;;;;
13/02/2013;0,00;0,83;0,00;0,91;;;;;;;;;;;
14/02/2013;4,88;0,55;1,95;1,10;;;;;;;;;;;
15/02/2013;3,31;0,39;0,20;1,07;;;;;;;;;;;
16/02/2013;0,00;0,35;0,24;1,18;;;;;;;;;;;
17/02/2013;0,00;0,70;0,00;0,96;;;;;;;;;;;
18/02/2013;0,00;1,07;3,07;1,19;;;;;;;;;;;
19/02/2013;0,38;0,38;0,00;0,78;;;;;;;;;;;
20/02/2013;0,00;0,53;3,02;1,23;;;;;;;;;;;
21/02/2013;0,62;0,49;0,68;0,82;;;;;;;;;;;
22/02/2013;0,86;0,41;2,05;0,75;;;;;;;;;;;
23/02/2013;3,06;0,24;0,15;1,10;;;;;;;;;;;
24/02/2013;2,26;0,19;1,02;1,21;;;;;;;;;;;
25/02/2013;5,67;0,28;1,07;0,60;;;;;;;;;;;
26/02/2013;0,00;0,35;2,00;1,02;;;;;;;;;;;
27/02/2013;0,00;0,30;2,00;0,51;;;;;;;;;;;
28/02/2013;0,00;0,35;0,00;0,77;;;;;;;;;;;
01/03/2013;0,00;0,36;1,00;0,90;;;;;;;;;;;
02/03/2013;0,00;0,55;1,76;1,15;;;;;;;;;;;
03/03/2013;0,00;0,52;5,51;0,65;;;;;;;;;;;
04/03/2013;0,00;1,85;4,88;0,79;;;;;;;;;;;
05/03/2013;0,00;2,78;0,00;0,82;;;;;;;;;;;
06/03/2013;0,00;2,86;1,95;1,87;;;;;;;;;;;
07/03/2013;3,00;1,42;0,68;1,48;;;;;;;;;;;
08/03/2013;0,86;1,48;3,41;1,53;;;;;;;;;;;
09/03/2013;9,83;0,55;2,00;1,16;;;;;;;;;;;
10/03/2013;2,14;0,30;1,22;0,92;;;;;;;;;;;
11/03/2013;2,49;0,23;2,20;1,26;;;;;;;;;;;
12/03/2013;9,71;0,32;0,00;1,38;;;;;;;;;;;
13/03/2013;0,00;1,16;0,10;1,77;;;;;;;;;;;
14/03/2013;0,38;0,79;0,00;1,31;;;;;;;;;;;
15/03/2013;0,00;1,08;2,00;1,63;;;;;;;;;;;
16/03/2013;0,00;1,79;2,00;1,72;;;;;;;;;;;
17/03/2013;3,00;0,58;1,00;1,95;;;;;;;;;;;
18/03/2013;0,00;1,81;1,00;1,51;;;;;;;;;;;
19/03/2013;2,26;0,82;0,00;1,53;;;;;;;;;;;
20/03/2013;9,60;0,43;0,00;1,96;;;;;;;;;;;
21/03/2013;0,00;0,45;0,00;1,43;;;;;;;;;;;
22/03/2013;0,00;1,17;1,00;1,17;;;;;;;;;;;
23/03/2013;0,26;0,67;1,00;0,86;;;;;;;;;;;
24/03/2013;5,79;0,86;0,00;0,95;;;;;;;;;;;
25/03/2013;0,00;1,54;0,00;1,19;;;;;;;;;;;
26/03/2013;0,00;1,57;2,00;1,35;;;;;;;;;;;
27/03/2013;0,00;1,72;1,00;1,20;;;;;;;;;;;
28/03/2013;0,00;1,12;1,00;1,19;;;;;;;;;;;
29/03/2013;0,97;0,56;0,20;1,69;;;;;;;;;;;
30/03/2013;0,26;0,73;10,59;1,36;;;;;;;;;;;
31/03/2013;0,00;0,83;0,73;1,62;;;;;;;;;;;
01/04/2013;0,00;1,51;2,73;1,69;;;;;;;;;;;
02/04/2013;0,00;2,04;3,51;1,52;;;;;;;;;;;
03/04/2013;0,00;0,76;2,49;2,25;;;;;;;;;;;
04/04/2013;0,00;1,53;2,73;1,55;;;;;;;;;;;
05/04/2013;0,00;0,43;0,00;1,51;;;;;;;;;;;
06/04/2013;0,00;0,39;0,10;1,52;;;;;;;;;;;
07/04/2013;0,00;2,60;0,00;1,56;;;;;;;;;;;
08/04/2013;0,00;1,46;2,59;2,11;;;;;;;;;;;
09/04/2013;0,00;0,64;4,24;1,77;;;;;;;;;;;
10/04/2013;7,05;0,68;0,54;2,02;;;;;;;;;;;
11/04/2013;6,12;1,56;0,00;2,42;;;;;;;;;;;
12/04/2013;7,47;1,22;0,00;2,59;;;;;;;;;;;
13/04/2013;0,64;2,46;7,12;1,90;;;;;;;;;;;
14/04/2013;0,00;3,73;1,41;1,63;;;;;;;;;;;
15/04/2013;1,08;2,36;0,15;1,62;;;;;;;;;;;
16/04/2013;0,00;2,95;2,34;1,96;;;;;;;;;;;
17/04/2013;0,00;3,64;2,05;2,01;;;;;;;;;;;
18/04/2013;0,00;3,70;0,05;2,46;;;;;;;;;;;
19/04/2013;0,29;2,13;1,00;1,56;;;;;;;;;;;
20/04/2013;0,29;2,37;2,00;2,43;;;;;;;;;;;
21/04/2013;0,00;1,25;4,29;2,33;;;;;;;;;;;
22/04/2013;0,00;3,81;2,05;2,09;;;;;;;;;;;
23/04/2013;0,00;1,98;0,00;1,93;;;;;;;;;;;
24/04/2013;0,00;4,23;1,00;2,01;;;;;;;;;;;
25/04/2013;0,00;4,64;2,00;2,76;;;;;;;;;;;
26/04/2013;6,43;1,21;0,00;2,31;;;;;;;;;;;
27/04/2013;1,84;1,23;5,95;2,72;;;;;;;;;;;
28/04/2013;0,00;1,19;0,15;2,28;;;;;;;;;;;
29/04/2013;0,00;2,45;0,49;2,17;;;;;;;;;;;
30/04/2013;0,00;1,78;0,00;2,53;;;;;;;;;;;
01/05/2013;0,80;2,12;0,00;2,91;;;;;;;;;;;
02/05/2013;0,00;2,37;1,07;2,20;;;;;;;;;;;
03/05/2013;0,00;2,91;0,00;2,37;;;;;;;;;;;
04/05/2013;0,00;4,47;0,00;2,47;;;;;;;;;;;
05/05/2013;0,00;3,86;1,00;2,66;;;;;;;;;;;
06/05/2013;0,00;3,89;2,00;2,56;;;;;;;;;;;
07/05/2013;0,00;2,05;0,00;3,37;;;;;;;;;;;
08/05/2013;0,00;2,50;1,00;3,03;;;;;;;;;;;
09/05/2013;0,00;2,90;2,00;3,32;;;;;;;;;;;
10/05/2013;0,00;1,90;2,00;3,81;;;;;;;;;;;
11/05/2013;0,00;2,05;0,59;4,29;;;;;;;;;;;
12/05/2013;11,71;1,72;0,00;4,00;;;;;;;;;;;
13/05/2013;0,00;1,35;2,00;4,55;;;;;;;;;;;
14/05/2013;0,00;1,59;1,00;4,73;;;;;;;;;;;
15/05/2013;0,00;1,62;3,80;2,99;;;;;;;;;;;
16/05/2013;0,00;1,26;1,37;2,03;;;;;;;;;;;
17/05/2013;0,00;0,57;0,93;2,19;;;;;;;;;;;
18/05/2013;0,00;1,92;0,20;2,29;;;;;;;;;;;
19/05/2013;0,00;2,95;0,20;2,84;;;;;;;;;;;
20/05/2013;0,00;1,19;0,00;2,48;;;;;;;;;;;
21/05/2013;0,00;1,23;0,00;2,74;;;;;;;;;;;
22/05/2013;0,00;0,72;0,00;3,55;;;;;;;;;;;
23/05/2013;0,00;0,98;0,00;4,08;;;;;;;;;;;
24/05/2013;0,00;2,06;0,00;3,25;;;;;;;;;;;
25/05/2013;0,00;2,52;0,88;4,15;;;;;;;;;;;
26/05/2013;0,00;0,77;0,24;3,44;;;;;;;;;;;
27/05/2013;0,00;4,04;3,02;3,04;;;;;;;;;;;
28/05/2013;0,00;4,12;6,29;3,11;;;;;;;;;;;
29/05/2013;18,43;0,82;2,00;2,88;;;;;;;;;;;
30/05/2013;0,00;1,67;3,85;2,64;;;;;;;;;;;
31/05/2013;0,00;1,85;4,34;2,51;;;;;;;;;;;
01/06/2013;0,33;1,56;19,51;2,15;;;;;;;;;;;
02/06/2013;0,00;4,26;1,00;2,16;;;;;;;;;;;
03/06/2013;0,00;3,62;0,34;2,46;;;;;;;;;;;
04/06/2013;0,00;3,90;1,17;2,17;;;;;;;;;;;
05/06/2013;0,00;4,06;2,54;2,22;;;;;;;;;;;
06/06/2013;0,00;5,17;1,22;2,63;;;;;;;;;;;
07/06/2013;0,00;5,59;2,34;2,70;;;;;;;;;;;
08/06/2013;0,00;4,63;8,98;2,72;;;;;;;;;;;
09/06/2013;16,70;0,74;0,05;2,53;;;;;;;;;;;
10/06/2013;0,00;1,84;1,37;3,39;;;;;;;;;;;
11/06/2013;0,00;3,49;0,24;2,93;;;;;;;;;;;
12/06/2013;0,00;2,61;0,00;2,85;;;;;;;;;;;
13/06/2013;0,00;2,12;0,00;2,73;;;;;;;;;;;
14/06/2013;0,00;3,54;2,00;3,30;;;;;;;;;;;
15/06/2013;0,00;3,15;1,00;3,05;;;;;;;;;;;
16/06/2013;0,00;3,36;2,00;2,43;;;;;;;;;;;
17/06/2013;0,20;4,27;0,00;2,82;;;;;;;;;;;
18/06/2013;0,00;5,61;1,46;3,53;;;;;;;;;;;
19/06/2013;0,00;4,77;20,78;3,10;;;;;;;;;;;
20/06/2013;82,60;2,64;1,90;3,25;;;;;;;;;;;
21/06/2013;0,00;2,30;1,00;2,50;;;;;;;;;;;
22/06/2013;0,00;3,15;2,00;2,91;;;;;;;;;;;
23/06/2013;0,00;1,78;0,39;3,52;;;;;;;;;;;
24/06/2013;0,00;1,54;1,61;3,43;;;;;;;;;;;
25/06/2013;0,00;1,78;1,00;3,98;;;;;;;;;;;
26/06/2013;0,00;2,01;0,15;3,74;;;;;;;;;;;
27/06/2013;0,00;1,71;3,02;3,46;;;;;;;;;;;
28/06/2013;0,00;1,41;8,73;2,88;;;;;;;;;;;
29/06/2013;16,19;1,35;10,68;2,85;;;;;;;;;;;
30/06/2013;0,00;3,14;2,20;3,49;;;;;;;;;;;
01/07/2013;0,00;4,14;7,80;2,74;;;;;;;;;;;
02/07/2013;0,00;4,43;6,15;2,87;;;;;;;;;;;
03/07/2013;14,06;1,35;2,00;3,53;;;;;;;;;;;
04/07/2013;0,00;3,53;0,59;3,50;;;;;;;;;;;
05/07/2013;0,00;2,41;0,00;3,41;;;;;;;;;;;
06/07/2013;0,00;5,14;2,00;3,50;;;;;;;;;;;
07/07/2013;0,00;5,36;0,73;3,70;;;;;;;;;;;
08/07/2013;0,00;5,32;1,00;2,89;;;;;;;;;;;
09/07/2013;0,00;5,00;3,51;3,01;;;;;;;;;;;
10/07/2013;0,00;3,82;10,20;3,13;;;;;;;;;;;
11/07/2013;0,00;1,73;3,61;2,82;;;;;;;;;;;
12/07/2013;0,00;3,96;1,22;2,23;;;;;;;;;;;
13/07/2013;0,00;2,64;0,00;2,26;;;;;;;;;;;
14/07/2013;0,00;4,77;1,00;2,77;;;;;;;;;;;
15/07/2013;0,00;4,56;1,00;3,05;;;;;;;;;;;
16/07/2013;0,00;4,87;1,00;3,00;;;;;;;;;;;
17/07/2013;0,00;4,20;1,00;3,27;;;;;;;;;;;
18/07/2013;0,00;4,98;0,00;3,12;;;;;;;;;;;
19/07/2013;0,00;5,12;2,00;2,94;;;;;;;;;;;
20/07/2013;0,00;4,56;0,78;3,36;;;;;;;;;;;
21/07/2013;0,00;5,84;5,66;2,59;;;;;;;;;;;
22/07/2013;0,00;4,48;1,29;2,57;;;;;;;;;;;
23/07/2013;0,00;3,84;7,95;2,56;;;;;;;;;;;
24/07/2013;3,48;2,86;2,83;2,47;;;;;;;;;;;
25/07/2013;6,59;3,43;1,27;2,84;;;;;;;;;;;
26/07/2013;0,00;2,61;2,29;2,68;;;;;;;;;;;
27/07/2013;0,00;3,93;0,00;2,83;;;;;;;;;;;
28/07/2013;0,00;1,91;0,73;2,85;;;;;;;;;;;
29/07/2013;5,66;3,42;0,78;2,61;;;;;;;;;;;
30/07/2013;18,02;2,74;0,88;2,90;;;;;;;;;;;
31/07/2013;5,35;3,06;3,51;2,97;;;;;;;;;;;
01/08/2013;0,00;5,78;4,27;2,75;;;;;;;;;;;
02/08/2013;0,00;6,59;7,71;2,34;;;;;;;;;;;
03/08/2013;5,45;4,01;1,32;2,81;;;;;;;;;;;
04/08/2013;0,00;4,52;6,44;2,61;;;;;;;;;;;
05/08/2013;5,66;5,23;6,00;2,73;;;;;;;;;;;
06/08/2013;0,00;3,49;1,00;2,44;;;;;;;;;;;
07/08/2013;10,18;1,45;2,05;3,22;;;;;;;;;;;
08/08/2013;0,57;1,92;0,20;2,41;;;;;;;;;;;
09/08/2013;2,74;2,83;1,80;3,70;;;;;;;;;;;
10/08/2013;0,00;2,72;1,51;2,47;;;;;;;;;;;
11/08/2013;0,00;3,82;12,98;2,63;;;;;;;;;;;
12/08/2013;0,00;1,56;6,39;2,53;;;;;;;;;;;
13/08/2013;0,00;2,73;4,10;1,85;;;;;;;;;;;
14/08/2013;0,00;2,80;5,37;2,11;;;;;;;;;;;
15/08/2013;0,00;2,64;0,10;2,19;;;;;;;;;;;
16/08/2013;0,00;4,64;5,85;2,77;;;;;;;;;;;
17/08/2013;0,00;4,06;0,10;2,31;;;;;;;;;;;
18/08/2013;0,00;1,65;1,00;2,49;;;;;;;;;;;
19/08/2013;0,00;2,62;7,07;2,76;;;;;;;;;;;
20/08/2013;0,00;2,27;0,24;2,84;;;;;;;;;;;
21/08/2013;0,00;3,98;11,85;2,18;;;;;;;;;;;
22/08/2013;0,00;3,66;0,00;2,23;;;;;;;;;;;
23/08/2013;0,00;3,60;0,00;2,74;;;;;;;;;;;
24/08/2013;9,26;1,57;0,00;2,41;;;;;;;;;;;
25/08/2013;3,37;1,16;3,32;2,40;;;;;;;;;;;
26/08/2013;0,46;1,38;1,02;2,91;;;;;;;;;;;
27/08/2013;0,00;3,30;0,49;2,29;;;;;;;;;;;
28/08/2013;0,00;3,21;2,83;2,40;;;;;;;;;;;
29/08/2013;0,00;2,90;5,95;1,82;;;;;;;;;;;
30/08/2013;0,00;3,31;2,29;1,80;;;;;;;;;;;
31/08/2013;0,46;1,34;1,00;1,98;;;;;;;;;;;
01/09/2013;0,00;2,38;20,49;2,19;;;;;;;;;;;
02/09/2013;0,00;2,90;3,95;1,66;;;;;;;;;;;
03/09/2013;0,00;3,34;0,10;2,04;;;;;;;;;;;
04/09/2013;0,00;3,92;4,29;2,14;;;;;;;;;;;
05/09/2013;0,00;4,58;3,12;1,98;;;;;;;;;;;
06/09/2013;0,00;4,19;11,76;2,21;;;;;;;;;;;
07/09/2013;11,00;1,14;9,80;1,49;;;;;;;;;;;
08/09/2013;34,03;1,02;0,39;1,95;;;;;;;;;;;
09/09/2013;3,48;1,96;0,00;1,56;;;;;;;;;;;
10/09/2013;7,62;1,43;1,66;1,51;;;;;;;;;;;
11/09/2013;13,34;1,12;9,46;1,36;;;;;;;;;;;
12/09/2013;8,64;0,74;2,32;1,98;;;;;;;;;;;
13/09/2013;1,46;1,71;0,00;1,85;;;;;;;;;;;
14/09/2013;5,97;1,19;7,02;2,44;;;;;;;;;;;
15/09/2013;5,14;1,75;2,20;1,53;;;;;;;;;;;
16/09/2013;11,61;2,15;0,10;1,41;;;;;;;;;;;
17/09/2013;9,36;1,30;0,00;1,66;;;;;;;;;;;
18/09/2013;12,02;0,73;0,00;1,68;;;;;;;;;;;
19/09/2013;8,44;1,19;2,00;2,00;;;;;;;;;;;
20/09/2013;0,57;0,94;2,00;2,24;;;;;;;;;;;
21/09/2013;0,00;1,56;1,00;1,38;;;;;;;;;;;
22/09/2013;0,20;1,22;0,00;0,99;;;;;;;;;;;
23/09/2013;0,00;1,64;1,00;1,42;;;;;;;;;;;
24/09/2013;0,00;2,58;1,00;1,78;;;;;;;;;;;
25/09/2013;0,00;2,09;1,00;1,84;;;;;;;;;;;
26/09/2013;0,20;0,60;2,00;1,82;;;;;;;;;;;
27/09/2013;0,00;2,18;0,98;1,34;;;;;;;;;;;
28/09/2013;0,00;1,77;7,61;1,34;;;;;;;;;;;
29/09/2013;0,00;1,43;6,88;1,22;;;;;;;;;;;
30/09/2013;0,00;2,01;16,54;1,65;;;;;;;;;;;
;;;;;;;;;;;;;;;
;;;;;;;;;;;;;;;
;;;;;;;;;;;;;;;
;;;;;;;;;;;;;;;
;;;;;;;;;;;;;;;
;;;;;;;;;;;;;;;
;;;;;;;;;;;;;;;
;;;;;;;;;;;;;;;
;;;;;;;;;;;;;;;
;;;;;;;;;;;;;;;
;;;;;;;;;;;;;;;
;;;;;;;;;;;;;;;
;;;;;;;;;;;;;;;
;;;;;;;;;;;;;;;
;;;;;;;;;;;;;;;
;;;;;;;;;;;;;;;
;;;;;;;;;;;;;;;
;;;;;;;;;;;;;;;
;;;;;;;;;;;;;;;
;;;;;;;;;;;;;;;
;;;;;;;;;;;;;;;
;;;;;;;;;;;;;;;
;;;;;;;;;;;;;;;
;;;;;;;;;;;;;;;
;;;;;;;;;;;;;;;
;;;;;;;;;;;;;;;
;;;;;;;;;;;;;;;
;;;;;;;;;;;;;;;
;;;;;;;;;;;;;;;
;;;;;;;;;;;;;;;
;;;;;;;;;;;;;;;
;;;;;;;;;;;;;;;
;;;;;;;;;;;;;;;
;;;;;;;;;;;;;;;
;;;;;;;;;;;;;;;
;;;;;;;;;;;;;;;
;;;;;;;;;;;;;;;
;;;;;;;;;;;;;;;
;;;;;;;;;;;;;;;
;;;;;;;;;;;;;;;
;;;;;;;;;;;;;;;
;;;;;;;;;;;;;;;
;;;;;;;;;;;;;;;
;;;;;;;;;;;;;;;
;;;;;;;;;;;;;;;
;;;;;;;;;;;;;;;
;;;;;;;;;;;;;;;
;;;;;;;;;;;;;;;
;;;;;;;;;;;;;;;
;;;;;;;;;;;;;;;
;;;;;;;;;;;;;;;
;;;;;;;;;;;;;;;
;;;;;;;;;;;;;;;
;;;;;;;;;;;;;;;
;;;;;;;;;;;;;;;
;;;;;;;;;;;;;;;
;;;;;;;;;;;;;;;
;;;;;;;;;;;;;;;
;;;;;;;;;;;;;;;
;;;;;;;;;;;;;;;
;;;;;;;;;;;;;;;
;;;;;;;;;;;;;;;
;;;;;;;;;;;;;;;
;;;;;;;;;;;;;;;
;;;;;;;;;;;;;;;
;;;;;;;;;;;;;;;
;;;;;;;;;;;;;;;
;;;;;;;;;;;;;;;
;;;;;;;;;;;;;;;
;;;;;;;;;;;;;;;
;;;;;;;;;;;;;;;
;;;;;;;;;;;;;;;
;;;;;;;;;;;;;;;
;;;;;;;;;;;;;;;
;;;;;;;;;;;;;;;
;;;;;;;;;;;;;;;
;;;;;;;;;;;;;;;
;;;;;;;;;;;;;;;
;;;;;;;;;;;;;;;
;;;;;;;;;;;;;;;
;;;;;;;;;;;;;;;
;;;;;;;;;;;;;;;
;;;;;;;;;;;;;;;
;;;;;;;;;;;;;;;
;;;;;;;;;;;;;;;
;;;;;;;;;;;;;;;
;;;;;;;;;;;;;;;
;;;;;;;;;;;;;;;
;;;;;;;;;;;;;;;
;;;;;;;;;;;;;;;
;;;;;;;;;;;;;;;
;;;;;;;;;;;;;;;
;;;;;;;;;;;;;;;
;;;;;;;;;;;;;;;
;;;;;;;;;;;;;;;
;;;;;;;;;;;;;;;
;;;;;;;;;;;;;;;
;;;;;;;;;;;;;;;
;;;;;;;;;;;;;;;
;;;;;;;;;;;;;;;
;;;;;;;;;;;;;;;
;;;;;;;;;;;;;;;
;;;;;;;;;;;;;;;
;;;;;;;;;;;;;;;
;;;;;;;;;;;;;;;
;;;;;;;;;;;;;;;
;;;;;;;;;;;;;;;
;;;;;;;;;;;;;;;
;;;;;;;;;;;;;;;
;;;;;;;;;;;;;;;
;;;;;;;;;;;;;;;
;;;;;;;;;;;;;;;
;;;;;;;;;;;;;;;
;;;;;;;;;;;;;;;
;;;;;;;;;;;;;;;
;;;;;;;;;;;;;;;
;;;;;;;;;;;;;;;
;;;;;;;;;;;;;;;
;;;;;;;;;;;;;;;
;;;;;;;;;;;;;;;
;;;;;;;;;;;;;;;
;;;;;;;;;;;;;;;
;;;;;;;;;;;;;;;
;;;;;;;;;;;;;;;
;;;;;;;;;;;;;;;
;;;;;;;;;;;;;;;
;;;;;;;;;;;;;;;
;;;;;;;;;;;;;;;
;;;;;;;;;;;;;;;
;;;;;;;;;;;;;;;
;;;;;;;;;;;;;;;
;;;;;;;;;;;;;;;
;;;;;;;;;;;;;;;
;;;;;;;;;;;;;;;
;;;;;;;;;;;;;;;
;;;;;;;;;;;;;;;
;;;;;;;;;;;;;;;
;;;;;;;;;;;;;;;
;;;;;;;;;;;;;;;
;;;;;;;;;;;;;;;
;;;;;;;;;;;;;;;
;;;;;;;;;;;;;;;
;;;;;;;;;;;;;;;
;;;;;;;;;;;;;;;
;;;;;;;;;;;;;;;
;;;;;;;;;;;;;;;
;;;;;;;;;;;;;;;
;;;;;;;;;;;;;;;
;;;;;;;;;;;;;;;
;;;;;;;;;;;;;;;
;;;;;;;;;;;;;;;
;;;;;;;;;;;;;;;
;;;;;;;;;;;;;;;
;;;;;;;;;;;;;;;
;;;;;;;;;;;;;;;
;;;;;;;;;;;;;;;
;;;;;;;;;;;;;;;
;;;;;;;;;;;;;;;
;;;;;;;;;;;;;;;
;;;;;;;;;;;;;;;
;;;;;;;;;;;;;;;
;;;;;;;;;;;;;;;
;;;;;;;;;;;;;;;
;;;;;;;;;;;;;;;
;;;;;;;;;;;;;;;
;;;;;;;;;;;;;;;
;;;;;;;;;;;;;;;
;;;;;;;;;;;;;;;
;;;;;;;;;;;;;;;
;;;;;;;;;;;;;;;
;;;;;;;;;;;;;;;
;;;;;;;;;;;;;;;
;;;;;;;;;;;;;;;
;;;;;;;;;;;;;;;
;;;;;;;;;;;;;;;
;;;;;;;;;;;;;;;
;;;;;;;;;;;;;;;
;;;;;;;;;;;;;;;
;;;;;;;;;;;;;;;
;;;;;;;;;;;;;;;
;;;;;;;;;;;;;;;
;;;;;;;;;;;;;;;
;;;;;;;;;;;;;;;
;;;;;;;;;;;;;;;
;;;;;;;;;;;;;;;
;;;;;;;;;;;;;;;
;;;;;;;;;;;;;;;
;;;;;;;;;;;;;;;
;;;;;;;;;;;;;;;
;;;;;;;;;;;;;;;
;;;;;;;;;;;;;;;
;;;;;;;;;;;;;;;
;;;;;;;;;;;;;;;
;;;;;;;;;;;;;;;
;;;;;;;;;;;;;;;
;;;;;;;;;;;;;;;
;;;;;;;;;;;;;;;
;;;;;;;;;;;;;;;
;;;;;;;;;;;;;;;
;;;;;;;;;;;;;;;
;;;;;;;;;;;;;;;
;;;;;;;;;;;;;;;
;;;;;;;;;;;;;;;
;;;;;;;;;;;;;;;
;;;;;;;;;;;;;;;
;;;;;;;;;;;;;;;
;;;;;;;;;;;;;;;
;;;;;;;;;;;;;;;
;;;;;;;;;;;;;;;
;;;;;;;;;;;;;;;
;;;;;;;;;;;;;;;
;;;;;;;;;;;;;;;
;;;;;;;;;;;;;;;
;;;;;;;;;;;;;;;
;;;;;;;;;;;;;;;
;;;;;;;;;;;;;;;
;;;;;;;;;;;;;;;
;;;;;;;;;;;;;;;
;;;;;;;;;;;;;;;
;;;;;;;;;;;;;;;
;;;;;;;;;;;;;;;
;;;;;;;;;;;;;;;
;;;;;;;;;;;;;;;
;;;;;;;;;;;;;;;
;;;;;;;;;;;;;;;
;;;;;;;;;;;;;;;
;;;;;;;;;;;;;;;
;;;;;;;;;;;;;;;
;;;;;;;;;;;;;;;
;;;;;;;;;;;;;;;
;;;;;;;;;;;;;;;
;;;;;;;;;;;;;;;
;;;;;;;;;;;;;;;
;;;;;;;;;;;;;;;
;;;;;;;;;;;;;;;
;;;;;;;;;;;;;;;
;;;;;;;;;;;;;;;
;;;;;;;;;;;;;;;
;;;;;;;;;;;;;;;
;;;;;;;;;;;;;;;
;;;;;;;;;;;;;;;
;;;;;;;;;;;;;;;
;;;;;;;;;;;;;;;
;;;;;;;;;;;;;;;
;;;;;;;;;;;;;;;
;;;;;;;;;;;;;;;
;;;;;;;;;;;;;;;
;;;;;;;;;;;;;;;
;;;;;;;;;;;;;;;
;;;;;;;;;;;;;;;
;;;;;;;;;;;;;;;
;;;;;;;;;;;;;;;
;;;;;;;;;;;;;;;
;;;;;;;;;;;;;;;
;;;;;;;;;;;;;;;
;;;;;;;;;;;;;;;
;;;;;;;;;;;;;;;
;;;;;;;;;;;;;;;
;;;;;;;;;;;;;;;
;;;;;;;;;;;;;;;
;;;;;;;;;;;;;;;
;;;;;;;;;;;;;;;
;;;;;;;;;;;;;;;
;;;;;;;;;;;;;;;
;;;;;;;;;;;;;;;
;;;;;;;;;;;;;;;
;;;;;;;;;;;;;;;
;;;;;;;;;;;;;;;
;;;;;;;;;;;;;;;
;;;;;;;;;;;;;;;
;;;;;;;;;;;;;;;
;;;;;;;;;;;;;;;
;;;;;;;;;;;;;;;
;;;;;;;;;;;;;;;
;;;;;;;;;;;;;;;
;;;;;;;;;;;;;;;
;;;;;;;;;;;;;;;
;;;;;;;;;;;;;;;
;;;;;;;;;;;;;;;
;;;;;;;;;;;;;;;
;;;;;;;;;;;;;;;
;;;;;;;;;;;;;;;
;;;;;;;;;;;;;;;
;;;;;;;;;;;;;;;
;;;;;;;;;;;;;;;
;;;;;;;;;;;;;;;
;;;;;;;;;;;;;;;
;;;;;;;;;;;;;;;
;;;;;;;;;;;;;;;
;;;;;;;;;;;;;;;
;;;;;;;;;;;;;;;
;;;;;;;;;;;;;;;
;;;;;;;;;;;;;;;
;;;;;;;;;;;;;;;
;;;;;;;;;;;;;;;
;;;;;;;;;;;;;;;
;;;;;;;;;;;;;;;
;;;;;;;;;;;;;;;
;;;;;;;;;;;;;;;
;;;;;;;;;;;;;;;
;;;;;;;;;;;;;;;
;;;;;;;;;;;;;;;
;;;;;;;;;;;;;;;
;;;;;;;;;;;;;;;
;;;;;;;;;;;;;;;
;;;;;;;;;;;;;;;
;;;;;;;;;;;;;;;
;;;;;;;;;;;;;;;
;;;;;;;;;;;;;;;
;;;;;;;;;;;;;;;
;;;;;;;;;;;;;;;
;;;;;;;;;;;;;;;
;;;;;;;;;;;;;;;
;;;;;;;;;;;;;;;
;;;;;;;;;;;;;;;
;;;;;;;;;;;;;;;
;;;;;;;;;;;;;;;
;;;;;;;;;;;;;;;
;;;;;;;;;;;;;;;
;;;;;;;;;;;;;;;
;;;;;;;;;;;;;;;
;;;;;;;;;;;;;;;
;;;;;;;;;;;;;;;
;;;;;;;;;;;;;;;
;;;;;;;;;;;;;;;
;;;;;;;;;;;;;;;
;;;;;;;;;;;;;;;
;;;;;;;;;;;;;;;
;;;;;;;;;;;;;;;
;;;;;;;;;;;;;;;
;;;;;;;;;;;;;;;
;;;;;;;;;;;;;;;
;;;;;;;;;;;;;;;
;;;;;;;;;;;;;;;
;;;;;;;;;;;;;;;
;;;;;;;;;;;;;;;
;;;;;;;;;;;;;;;
;;;;;;;;;;;;;;;
;;;;;;;;;;;;;;;
;;;;;;;;;;;;;;;
;;;;;;;;;;;;;;;
;;;;;;;;;;;;;;;
;;;;;;;;;;;;;;;
;;;;;;;;;;;;;;;
;;;;;;;;;;;;;;;
;;;;;;;;;;;;;;;
;;;;;;;;;;;;;;;
;;;;;;;;;;;;;;;
;;;;;;;;;;;;;;;
;;;;;;;;;;;;;;;
;;;;;;;;;;;;;;;
;;;;;;;;;;;;;;;
;;;;;;;;;;;;;;;
;;;;;;;;;;;;;;;
;;;;;;;;;;;;;;;
;;;;;;;;;;;;;;;
;;;;;;;;;;;;;;;
;;;;;;;;;;;;;;;
;;;;;;;;;;;;;;;
;;;;;;;;;;;;;;;
;;;;;;;;;;;;;;;
;;;;;;;;;;;;;;;
;;;;;;;;;;;;;;;
;;;;;;;;;;;;;;;
;;;;;;;;;;;;;;;
;;;;;;;;;;;;;;;
;;;;;;;;;;;;;;;
;;;;;;;;;;;;;;;
;;;;;;;;;;;;;;;
;;;;;;;;;;;;;;;
;;;;;;;;;;;;;;;
;;;;;;;;;;;;;;;
;;;;;;;;;;;;;;;
;;;;;;;;;;;;;;;
;;;;;;;;;;;;;;;
;;;;;;;;;;;;;;;
;;;;;;;;;;;;;;;
;;;;;;;;;;;;;;;
;;;;;;;;;;;;;;;
;;;;;;;;;;;;;;;
;;;;;;;;;;;;;;;
;;;;;;;;;;;;;;;
;;;;;;;;;;;;;;;
;;;;;;;;;;;;;;;
;;;;;;;;;;;;;;;
;;;;;;;;;;;;;;;
;;;;;;;;;;;;;;;
;;;;;;;;;;;;;;;
;;;;;;;;;;;;;;;
;;;;;;;;;;;;;;;
;;;;;;;;;;;;;;;
;;;;;;;;;;;;;;;
;;;;;;;;;;;;;;;
;;;;;;;;;;;;;;;
;;;;;;;;;;;;;;;
;;;;;;;;;;;;;;;
;;;;;;;;;;;;;;;
;;;;;;;;;;;;;;;
;;;;;;;;;;;;;;;
;;;;;;;;;;;;;;;
;;;;;;;;;;;;;;;
;;;;;;;;;;;;;;;
;;;;;;;;;;;;;;;
;;;;;;;;;;;;;;;
;;;;;;;;;;;;;;;
;;;;;;;;;;;;;;;
;;;;;;;;;;;;;;;
;;;;;;;;;;;;;;;
;;;;;;;;;;;;;;;
;;;;;;;;;;;;;;;
;;;;;;;;;;;;;;;
;;;;;;;;;;;;;;;
;;;;;;;;;;;;;;;
;;;;;;;;;;;;;;;
;;;;;;;;;;;;;;;
;;;;;;;;;;;;;;;
;;;;;;;;;;;;;;;
;;;;;;;;;;;;;;;
;;;;;;;;;;;;;;;
;;;;;;;;;;;;;;;
;;;;;;;;;;;;;;;
;;;;;;;;;;;;;;;
;;;;;;;;;;;;;;;
;;;;;;;;;;;;;;;
;;;;;;;;;;;;;;;
;;;;;;;;;;;;;;;
;;;;;;;;;;;;;;;
;;;;;;;;;;;;;;;
;;;;;;;;;;;;;;;
;;;;;;;;;;;;;;;
;;;;;;;;;;;;;;;
;;;;;;;;;;;;;;;
;;;;;;;;;;;;;;;
;;;;;;;;;;;;;;;
;;;;;;;;;;;;;;;
;;;;;;;;;;;;;;;
;;;;;;;;;;;;;;;
;;;;;;;;;;;;;;;
;;;;;;;;;;;;;;;
;;;;;;;;;;;;;;;
;;;;;;;;;;;;;;;
;;;;;;;;;;;;;;;
;;;;;;;;;;;;;;;
;;;;;;;;;;;;;;;
;;;;;;;;;;;;;;;
;;;;;;;;;;;;;;;
;;;;;;;;;;;;;;;
;;;;;;;;;;;;;;;
;;;;;;;;;;;;;;;
;;;;;;;;;;;;;;;
;;;;;;;;;;;;;;;
;;;;;;;;;;;;;;;
;;;;;;;;;;;;;;;
;;;;;;;;;;;;;;;
;;;;;;;;;;;;;;;
;;;;;;;;;;;;;;;
;;;;;;;;;;;;;;;
;;;;;;;;;;;;;;;
;;;;;;;;;;;;;;;
;;;;;;;;;;;;;;;
;;;;;;;;;;;;;;;
;;;;;;;;;;;;;;;
;;;;;;;;;;;;;;;
;;;;;;;;;;;;;;;
;;;;;;;;;;;;;;;
;;;;;;;;;;;;;;;
;;;;;;;;;;;;;;;
;;;;;;;;;;;;;;;
;;;;;;;;;;;;;;;
;;;;;;;;;;;;;;;
;;;;;;;;;;;;;;;
;;;;;;;;;;;;;;;
;;;;;;;;;;;;;;;
;;;;;;;;;;;;;;;
;;;;;;;;;;;;;;;
;;;;;;;;;;;;;;;
;;;;;;;;;;;;;;;
;;;;;;;;;;;;;;;
;;;;;;;;;;;;;;;
;;;;;;;;;;;;;;;
;;;;;;;;;;;;;;;
;;;;;;;;;;;;;;;
;;;;;;;;;;;;;;;
;;;;;;;;;;;;;;;
;;;;;;;;;;;;;;;
;;;;;;;;;;;;;;;
;;;;;;;;;;;;;;;
;;;;;;;;;;;;;;;
;;;;;;;;;;;;;;;
;;;;;;;;;;;;;;;
;;;;;;;;;;;;;;;
;;;;;;;;;;;;;;;
;;;;;;;;;;;;;;;
;;;;;;;;;;;;;;;
;;;;;;;;;;;;;;;
;;;;;;;;;;;;;;;
;;;;;;;;;;;;;;;
;;;;;;;;;;;;;;;
;;;;;;;;;;;;;;;
;;;;;;;;;;;;;;;
;;;;;;;;;;;;;;;
;;;;;;;;;;;;;;;
;;;;;;;;;;;;;;;
;;;;;;;;;;;;;;;
;;;;;;;;;;;;;;;
;;;;;;;;;;;;;;;
;;;;;;;;;;;;;;;
;;;;;;;;;;;;;;;
;;;;;;;;;;;;;;;
;;;;;;;;;;;;;;;
;;;;;;;;;;;;;;;
;;;;;;;;;;;;;;;
;;;;;;;;;;;;;;;
;;;;;;;;;;;;;;;
;;;;;;;;;;;;;;;
;;;;;;;;;;;;;;;
;;;;;;;;;;;;;;;
;;;;;;;;;;;;;;;
;;;;;;;;;;;;;;;
;;;;;;;;;;;;;;;
;;;;;;;;;;;;;;;
;;;;;;;;;;;;;;;
;;;;;;;;;;;;;;;
;;;;;;;;;;;;;;;
;;;;;;;;;;;;;;;
;;;;;;;;;;;;;;;
;;;;;;;;;;;;;;;
;;;;;;;;;;;;;;;
;;;;;;;;;;;;;;;
;;;;;;;;;;;;;;;
;;;;;;;;;;;;;;;
;;;;;;;;;;;;;;;
;;;;;;;;;;;;;;;
;;;;;;;;;;;;;;;
;;;;;;;;;;;;;;;
;;;;;;;;;;;;;;;
;;;;;;;;;;;;;;;
;;;;;;;;;;;;;;;
;;;;;;;;;;;;;;;
;;;;;;;;;;;;;;;
;;;;;;;;;;;;;;;
;;;;;;;;;;;;;;;
;;;;;;;;;;;;;;;
;;;;;;;;;;;;;;;
;;;;;;;;;;;;;;;
;;;;;;;;;;;;;;;
;;;;;;;;;;;;;;;
;;;;;;;;;;;;;;;
;;;;;;;;;;;;;;;
;;;;;;;;;;;;;;;
;;;;;;;;;;;;;;;
;;;;;;;;;;;;;;;
;;;;;;;;;;;;;;;
;;;;;;;;;;;;;;;
;;;;;;;;;;;;;;;
;;;;;;;;;;;;;;;
;;;;;;;;;;;;;;;
;;;;;;;;;;;;;;;
;;;;;;;;;;;;;;;
;;;;;;;;;;;;;;;
;;;;;;;;;;;;;;;
;;;;;;;;;;;;;;;
;;;;;;;;;;;;;;;
;;;;;;;;;;;;;;;
;;;;;;;;;;;;;;;
;;;;;;;;;;;;;;;
;;;;;;;;;;;;;;;
;;;;;;;;;;;;;;;
;;;;;;;;;;;;;;;
;;;;;;;;;;;;;;;
;;;;;;;;;;;;;;;
;;;;;;;;;;;;;;;
;;;;;;;;;;;;;;;
;;;;;;;;;;;;;;;
;;;;;;;;;;;;;;;
;;;;;;;;;;;;;;;
;;;;;;;;;;;;;;;
;;;;;;;;;;;;;;;
;;;;;;;;;;;;;;;
;;;;;;;;;;;;;;;
;;;;;;;;;;;;;;;
;;;;;;;;;;;;;;;
;;;;;;;;;;;;;;;
;;;;;;;;;;;;;;;
;;;;;;;;;;;;;;;
;;;;;;;;;;;;;;;
;;;;;;;;;;;;;;;
;;;;;;;;;;;;;;;
;;;;;;;;;;;;;;;
;;;;;;;;;;;;;;;
;;;;;;;;;;;;;;;
;;;;;;;;;;;;;;;
;;;;;;;;;;;;;;;
;;;;;;;;;;;;;;;
;;;;;;;;;;;;;;;
;;;;;;;;;;;;;;;
;;;;;;;;;;;;;;;
;;;;;;;;;;;;;;;
;;;;;;;;;;;;;;;
;;;;;;;;;;;;;;;
;;;;;;;;;;;;;;;
;;;;;;;;;;;;;;;
;;;;;;;;;;;;;;;
;;;;;;;;;;;;;;;
;;;;;;;;;;;;;;;
;;;;;;;;;;;;;;;
;;;;;;;;;;;;;;;
;;;;;;;;;;;;;;;
;;;;;;;;;;;;;;;
;;;;;;;;;;;;;;;
;;;;;;;;;;;;;;;
;;;;;;;;;;;;;;;
;;;;;;;;;;;;;;;
;;;;;;;;;;;;;;;
;;;;;;;;;;;;;;;
;;;;;;;;;;;;;;;
;;;;;;;;;;;;;;;
;;;;;;;;;;;;;;;
;;;;;;;;;;;;;;;
;;;;;;;;;;;;;;;
;;;;;;;;;;;;;;;
;;;;;;;;;;;;;;;
;;;;;;;;;;;;;;;
;;;;;;;;;;;;;;;
;;;;;;;;;;;;;;;
;;;;;;;;;;;;;;;
;;;;;;;;;;;;;;;
;;;;;;;;;;;;;;;
;;;;;;;;;;;;;;;
;;;;;;;;;;;;;;;
;;;;;;;;;;;;;;;
;;;;;;;;;;;;;;;
;;;;;;;;;;;;;;;
;;;;;;;;;;;;;;;
;;;;;;;;;;;;;;;
;;;;;;;;;;;;;;;
;;;;;;;;;;;;;;;
;;;;;;;;;;;;;;;
;;;;;;;;;;;;;;;
;;;;;;;;;;;;;;;
;;;;;;;;;;;;;;;
;;;;;;;;;;;;;;;
;;;;;;;;;;;;;;;
;;;;;;;;;;;;;;;
;;;;;;;;;;;;;;;
;;;;;;;;;;;;;;;
;;;;;;;;;;;;;;;
;;;;;;;;;;;;;;;
;;;;;;;;;;;;;;;
;;;;;;;;;;;;;;;
;;;;;;;;;;;;;;;
;;;;;;;;;;;;;;;
;;;;;;;;;;;;;;;
;;;;;;;;;;;;;;;
;;;;;;;;;;;;;;;
;;;;;;;;;;;;;;;
;;;;;;;;;;;;;;;
;;;;;;;;;;;;;;;
;;;;;;;;;;;;;;;
;;;;;;;;;;;;;;;
;;;;;;;;;;;;;;;
;;;;;;;;;;;;;;;
;;;;;;;;;;;;;;;
;;;;;;;;;;;;;;;
;;;;;;;;;;;;;;;
;;;;;;;;;;;;;;;
;;;;;;;;;;;;;;;
;;;;;;;;;;;;;;;
;;;;;;;;;;;;;;;
;;;;;;;;;;;;;;;
;;;;;;;;;;;;;;;
;;;;;;;;;;;;;;;
;;;;;;;;;;;;;;;
;;;;;;;;;;;;;;;
;;;;;;;;;;;;;;;
;;;;;;;;;;;;;;;
;;;;;;;;;;;;;;;
;;;;;;;;;;;;;;;
;;;;;;;;;;;;;;;
;;;;;;;;;;;;;;;
;;;;;;;;;;;;;;;
;;;;;;;;;;;;;;;
;;;;;;;;;;;;;;;
;;;;;;;;;;;;;;;
;;;;;;;;;;;;;;;
;;;;;;;;;;;;;;;
;;;;;;;;;;;;;;;
;;;;;;;;;;;;;;;
;;;;;;;;;;;;;;;
;;;;;;;;;;;;;;;
;;;;;;;;;;;;;;;
;;;;;;;;;;;;;;;
;;;;;;;;;;;;;;;
;;;;;;;;;;;;;;;
;;;;;;;;;;;;;;;
;;;;;;;;;;;;;;;
;;;;;;;;;;;;;;;
;;;;;;;;;;;;;;;
;;;;;;;;;;;;;;;
;;;;;;;;;;;;;;;
;;;;;;;;;;;;;;;
;;;;;;;;;;;;;;;
;;;;;;;;;;;;;;;
;;;;;;;;;;;;;;;
;;;;;;;;;;;;;;;
;;;;;;;;;;;;;;;
;;;;;;;;;;;;;;;
;;;;;;;;;;;;;;;
;;;;;;;;;;;;;;;
;;;;;;;;;;;;;;;
;;;;;;;;;;;;;;;
;;;;;;;;;;;;;;;
;;;;;;;;;;;;;;;
;;;;;;;;;;;;;;;
;;;;;;;;;;;;;;;
;;;;;;;;;;;;;;;
;;;;;;;;;;;;;;;
;;;;;;;;;;;;;;;
;;;;;;;;;;;;;;;
;;;;;;;;;;;;;;;
;;;;;;;;;;;;;;;
;;;;;;;;;;;;;;;
;;;;;;;;;;;;;;;
;;;;;;;;;;;;;;;
;;;;;;;;;;;;;;;
;;;;;;;;;;;;;;;
;;;;;;;;;;;;;;;
;;;;;;;;;;;;;;;
;;;;;;;;;;;;;;;
;;;;;;;;;;;;;;;
;;;;;;;;;;;;;;;
;;;;;;;;;;;;;;;
;;;;;;;;;;;;;;;
;;;;;;;;;;;;;;;
;;;;;;;;;;;;;;;
;;;;;;;;;;;;;;;
;;;;;;;;;;;;;;;
;;;;;;;;;;;;;;;
;;;;;;;;;;;;;;;
;;;;;;;;;;;;;;;
;;;;;;;;;;;;;;;
;;;;;;;;;;;;;;;
;;;;;;;;;;;;;;;
;;;;;;;;;;;;;;;
;;;;;;;;;;;;;;;
;;;;;;;;;;;;;;;
;;;;;;;;;;;;;;;
;;;;;;;;;;;;;;;
;;;;;;;;;;;;;;;
;;;;;;;;;;;;;;;
;;;;;;;;;;;;;;;
;;;;;;;;;;;;;;;
;;;;;;;;;;;;;;;
;;;;;;;;;;;;;;;
;;;;;;;;;;;;;;;
;;;;;;;;;;;;;;;
;;;;;;;;;;;;;;;
;;;;;;;;;;;;;;;
;;;;;;;;;;;;;;;
;;;;;;;;;;;;;;;
;;;;;;;;;;;;;;;
;;;;;;;;;;;;;;;
;;;;;;;;;;;;;;;
;;;;;;;;;;;;;;;
;;;;;;;;;;;;;;;
;;;;;;;;;;;;;;;
;;;;;;;;;;;;;;;
;;;;;;;;;;;;;;;
;;;;;;;;;;;;;;;
;;;;;;;;;;;;;;;
;;;;;;;;;;;;;;;
;;;;;;;;;;;;;;;
;;;;;;;;;;;;;;;
;;;;;;;;;;;;;;;
;;;;;;;;;;;;;;;
;;;;;;;;;;;;;;;
;;;;;;;;;;;;;;;
;;;;;;;;;;;;;;;
;;;;;;;;;;;;;;;
;;;;;;;;;;;;;;;
;;;;;;;;;;;;;;;
;;;;;;;;;;;;;;;
;;;;;;;;;;;;;;;
;;;;;;;;;;;;;;;
;;;;;;;;;;;;;;;
;;;;;;;;;;;;;;;
;;;;;;;;;;;;;;;
;;;;;;;;;;;;;;;
;;;;;;;;;;;;;;;
;;;;;;;;;;;;;;;
;;;;;;;;;;;;;;;
;;;;;;;;;;;;;;;
;;;;;;;;;;;;;;;
;;;;;;;;;;;;;;;
;;;;;;;;;;;;;;;
;;;;;;;;;;;;;;;
;;;;;;;;;;;;;;;
;;;;;;;;;;;;;;;
;;;;;;;;;;;;;;;
;;;;;;;;;;;;;;;
;;;;;;;;;;;;;;;
;;;;;;;;;;;;;;;
;;;;;;;;;;;;;;;
;;;;;;;;;;;;;;;
;;;;;;;;;;;;;;;
;;;;;;;;;;;;;;;
;;;;;;;;;;;;;;;
;;;;;;;;;;;;;;;
;;;;;;;;;;;;;;;
;;;;;;;;;;;;;;;
;;;;;;;;;;;;;;;
;;;;;;;;;;;;;;;
;;;;;;;;;;;;;;;
;;;;;;;;;;;;;;;
;;;;;;;;;;;;;;;
;;;;;;;;;;;;;;;
;;;;;;;;;;;;;;;
;;;;;;;;;;;;;;;
;;;;;;;;;;;;;;;
;;;;;;;;;;;;;;;
;;;;;;;;;;;;;;;
;;;;;;;;;;;;;;;
;;;;;;;;;;;;;;;
;;;;;;;;;;;;;;;
;;;;;;;;;;;;;;;
;;;;;;;;;;;;;;;
;;;;;;;;;;;;;;;
;;;;;;;;;;;;;;;
;;;;;;;;;;;;;;;
;;;;;;;;;;;;;;;
;;;;;;;;;;;;;;;
;;;;;;;;;;;;;;;
;;;;;;;;;;;;;;;
;;;;;;;;;;;;;;;
;;;;;;;;;;;;;;;
;;;;;;;;;;;;;;;
;;;;;;;;;;;;;;;
;;;;;;;;;;;;;;;
;;;;;;;;;;;;;;;
;;;;;;;;;;;;;;;
;;;;;;;;;;;;;;;
;;;;;;;;;;;;;;;
;;;;;;;;;;;;;;;
;;;;;;;;;;;;;;;
;;;;;;;;;;;;;;;
;;;;;;;;;;;;;;;
;;;;;;;;;;;;;;;
;;;;;;;;;;;;;;;
;;;;;;;;;;;;;;;
;;;;;;;;;;;;;;;
;;;;;;;;;;;;;;;
;;;;;;;;;;;;;;;
;;;;;;;;;;;;;;;
;;;;;;;;;;;;;;;
;;;;;;;;;;;;;;;
;;;;;;;;;;;;;;;
;;;;;;;;;;;;;;;
;;;;;;;;;;;;;;;
;;;;;;;;;;;;;;;
;;;;;;;;;;;;;;;
;;;;;;;;;;;;;;;
;;;;;;;;;;;;;;;
;;;;;;;;;;;;;;;
;;;;;;;;;;;;;;;
;;;;;;;;;;;;;;;
;;;;;;;;;;;;;;;
;;;;;;;;;;;;;;;
;;;;;;;;;;;;;;;
;;;;;;;;;;;;;;;
;;;;;;;;;;;;;;;
;;;;;;;;;;;;;;;
;;;;;;;;;;;;;;;
;;;;;;;;;;;;;;;
;;;;;;;;;;;;;;;
;;;;;;;;;;;;;;;
;;;;;;;;;;;;;;;
;;;;;;;;;;;;;;;
;;;;;;;;;;;;;;;
;;;;;;;;;;;;;;;
;;;;;;;;;;;;;;;
;;;;;;;;;;;;;;;
;;;;;;;;;;;;;;;
;;;;;;;;;;;;;;;
;;;;;;;;;;;;;;;
;;;;;;;;;;;;;;;
;;;;;;;;;;;;;;;
;;;;;;;;;;;;;;;
;;;;;;;;;;;;;;;
;;;;;;;;;;;;;;;
;;;;;;;;;;;;;;;
;;;;;;;;;;;;;;;
;;;;;;;;;;;;;;;
;;;;;;;;;;;;;;;
;;;;;;;;;;;;;;;
;;;;;;;;;;;;;;;
;;;;;;;;;;;;;;;
;;;;;;;;;;;;;;;
;;;;;;;;;;;;;;;
;;;;;;;;;;;;;;;
;;;;;;;;;;;;;;;
;;;;;;;;;;;;;;;
;;;;;;;;;;;;;;;
;;;;;;;;;;;;;;;
;;;;;;;;;;;;;;;
;;;;;;;;;;;;;;;
;;;;;;;;;;;;;;;
;;;;;;;;;;;;;;;
;;;;;;;;;;;;;;;
;;;;;;;;;;;;;;;
;;;;;;;;;;;;;;;
;;;;;;;;;;;;;;;
;;;;;;;;;;;;;;;
;;;;;;;;;;;;;;;
;;;;;;;;;;;;;;;
;;;;;;;;;;;;;;;
;;;;;;;;;;;;;;;
;;;;;;;;;;;;;;;
;;;;;;;;;;;;;;;
;;;;;;;;;;;;;;;
;;;;;;;;;;;;;;;
;;;;;;;;;;;;;;;
;;;;;;;;;;;;;;;
;;;;;;;;;;;;;;;
;;;;;;;;;;;;;;;
;;;;;;;;;;;;;;;
;;;;;;;;;;;;;;;
;;;;;;;;;;;;;;;
;;;;;;;;;;;;;;;
;;;;;;;;;;;;;;;
;;;;;;;;;;;;;;;
;;;;;;;;;;;;;;;
;;;;;;;;;;;;;;;
;;;;;;;;;;;;;;;
;;;;;;;;;;;;;;;
;;;;;;;;;;;;;;;
;;;;;;;;;;;;;;;
;;;;;;;;;;;;;;;
;;;;;;;;;;;;;;;
;;;;;;;;;;;;;;;
;;;;;;;;;;;;;;;
;;;;;;;;;;;;;;;
;;;;;;;;;;;;;;;
;;;;;;;;;;;;;;;
;;;;;;;;;;;;;;;
;;;;;;;;;;;;;;;
;;;;;;;;;;;;;;;
;;;;;;;;;;;;;;;
;;;;;;;;;;;;;;;
;;;;;;;;;;;;;;;
;;;;;;;;;;;;;;;
;;;;;;;;;;;;;;;
;;;;;;;;;;;;;;;
;;;;;;;;;;;;;;;
;;;;;;;;;;;;;;;
;;;;;;;;;;;;;;;
;;;;;;;;;;;;;;;
;;;;;;;;;;;;;;;
;;;;;;;;;;;;;;;
;;;;;;;;;;;;;;;
;;;;;;;;;;;;;;;
;;;;;;;;;;;;;;;
;;;;;;;;;;;;;;;
;;;;;;;;;;;;;;;
;;;;;;;;;;;;;;;
;;;;;;;;;;;;;;;
;;;;;;;;;;;;;;;
;;;;;;;;;;;;;;;
;;;;;;;;;;;;;;;
;;;;;;;;;;;;;;;
;;;;;;;;;;;;;;;
;;;;;;;;;;;;;;;
;;;;;;;;;;;;;;;
;;;;;;;;;;;;;;;
;;;;;;;;;;;;;;;
;;;;;;;;;;;;;;;
;;;;;;;;;;;;;;;
;;;;;;;;;;;;;;;
;;;;;;;;;;;;;;;
;;;;;;;;;;;;;;;
;;;;;;;;;;;;;;;
;;;;;;;;;;;;;;;
;;;;;;;;;;;;;;;
;;;;;;;;;;;;;;;
;;;;;;;;;;;;;;;
;;;;;;;;;;;;;;;
;;;;;;;;;;;;;;;
;;;;;;;;;;;;;;;
;;;;;;;;;;;;;;;
;;;;;;;;;;;;;;;
;;;;;;;;;;;;;;;
;;;;;;;;;;;;;;;
;;;;;;;;;;;;;;;
;;;;;;;;;;;;;;;
;;;;;;;;;;;;;;;
;;;;;;;;;;;;;;;
;;;;;;;;;;;;;;;
;;;;;;;;;;;;;;;
;;;;;;;;;;;;;;;
;;;;;;;;;;;;;;;
;;;;;;;;;;;;;;;
;;;;;;;;;;;;;;;
;;;;;;;;;;;;;;;
;;;;;;;;;;;;;;;
;;;;;;;;;;;;;;;
;;;;;;;;;;;;;;;
;;;;;;;;;;;;;;;
;;;;;;;;;;;;;;;
;;;;;;;;;;;;;;;
;;;;;;;;;;;;;;;
;;;;;;;;;;;;;;;
;;;;;;;;;;;;;;;
;;;;;;;;;;;;;;;
;;;;;;;;;;;;;;;
;;;;;;;;;;;;;;;
;;;;;;;;;;;;;;;
;;;;;;;;;;;;;;;
;;;;;;;;;;;;;;;
;;;;;;;;;;;;;;;
;;;;;;;;;;;;;;;
;;;;;;;;;;;;;;;
;;;;;;;;;;;;;;;
;;;;;;;;;;;;;;;
;;;;;;;;;;;;;;;
;;;;;;;;;;;;;;;
;;;;;;;;;;;;;;;
;;;;;;;;;;;;;;;
;;;;;;;;;;;;;;;
;;;;;;;;;;;;;;;
;;;;;;;;;;;;;;;
;;;;;;;;;;;;;;;
;;;;;;;;;;;;;;;
;;;;;;;;;;;;;;;
;;;;;;;;;;;;;;;
;;;;;;;;;;;;;;;
;;;;;;;;;;;;;;;
;;;;;;;;;;;;;;;
;;;;;;;;;;;;;;;
;;;;;;;;;;;;;;;
;;;;;;;;;;;;;;;
;;;;;;;;;;;;;;;
;;;;;;;;;;;;;;;
;;;;;;;;;;;;;;;
;;;;;;;;;;;;;;;
;;;;;;;;;;;;;;;
;;;;;;;;;;;;;;;
;;;;;;;;;;;;;;;
;;;;;;;;;;;;;;;
;;;;;;;;;;;;;;;
;;;;;;;;;;;;;;;
;;;;;;;;;;;;;;;
;;;;;;;;;;;;;;;
;;;;;;;;;;;;;;;
;;;;;;;;;;;;;;;
;;;;;;;;;;;;;;;
;;;;;;;;;;;;;;;
;;;;;;;;;;;;;;;
;;;;;;;;;;;;;;;
;;;;;;;;;;;;;;;
;;;;;;;;;;;;;;;
;;;;;;;;;;;;;;;
;;;;;;;;;;;;;;;
;;;;;;;;;;;;;;;
;;;;;;;;;;;;;;;
;;;;;;;;;;;;;;;
;;;;;;;;;;;;;;;
;;;;;;;;;;;;;;;
;;;;;;;;;;;;;;;
;;;;;;;;;;;;;;;
;;;;;;;;;;;;;;;
;;;;;;;;;;;;;;;
;;;;;;;;;;;;;;;
;;;;;;;;;;;;;;;
;;;;;;;;;;;;;;;
;;;;;;;;;;;;;;;
;;;;;;;;;;;;;;;
;;;;;;;;;;;;;;;
;;;;;;;;;;;;;;;
;;;;;;;;;;;;;;;
;;;;;;;;;;;;;;;
;;;;;;;;;;;;;;;
;;;;;;;;;;;;;;;
;;;;;;;;;;;;;;;
;;;;;;;;;;;;;;;
;;;;;;;;;;;;;;;
;;;;;;;;;;;;;;;
;;;;;;;;;;;;;;;
;;;;;;;;;;;;;;;
;;;;;;;;;;;;;;;
;;;;;;;;;;;;;;;
;;;;;;;;;;;;;;;
;;;;;;;;;;;;;;;
;;;;;;;;;;;;;;;
;;;;;;;;;;;;;;;
;;;;;;;;;;;;;;;
;;;;;;;;;;;;;;;
;;;;;;;;;;;;;;;
;;;;;;;;;;;;;;;
;;;;;;;;;;;;;;;
;;;;;;;;;;;;;;;
;;;;;;;;;;;;;;;
;;;;;;;;;;;;;;;
;;;;;;;;;;;;;;;
;;;;;;;;;;;;;;;
;;;;;;;;;;;;;;;
;;;;;;;;;;;;;;;
;;;;;;;;;;;;;;;
;;;;;;;;;;;;;;;
;;;;;;;;;;;;;;;
;;;;;;;;;;;;;;;
;;;;;;;;;;;;;;;
;;;;;;;;;;;;;;;
;;;;;;;;;;;;;;;
;;;;;;;;;;;;;;;
;;;;;;;;;;;;;;;
;;;;;;;;;;;;;;;
;;;;;;;;;;;;;;;
;;;;;;;;;;;;;;;
;;;;;;;;;;;;;;;
;;;;;;;;;;;;;;;
;;;;;;;;;;;;;;;
;;;;;;;;;;;;;;;
;;;;;;;;;;;;;;;
;;;;;;;;;;;;;;;
;;;;;;;;;;;;;;;
;;;;;;;;;;;;;;;
;;;;;;;;;;;;;;;
;;;;;;;;;;;;;;;
;;;;;;;;;;;;;;;
;;;;;;;;;;;;;;;
;;;;;;;;;;;;;;;
;;;;;;;;;;;;;;;
;;;;;;;;;;;;;;;
;;;;;;;;;;;;;;;
;;;;;;;;;;;;;;;
;;;;;;;;;;;;;;;
;;;;;;;;;;;;;;;
;;;;;;;;;;;;;;;
;;;;;;;;;;;;;;;
;;;;;;;;;;;;;;;
;;;;;;;;;;;;;;;
;;;;;;;;;;;;;;;
;;;;;;;;;;;;;;;
;;;;;;;;;;;;;;;
;;;;;;;;;;;;;;;
;;;;;;;;;;;;;;;
;;;;;;;;;;;;;;;
;;;;;;;;;;;;;;;
;;;;;;;;;;;;;;;
;;;;;;;;;;;;;;;
;;;;;;;;;;;;;;;
;;;;;;;;;;;;;;;
;;;;;;;;;;;;;;;
;;;;;;;;;;;;;;;
;;;;;;;;;;;;;;;
;;;;;;;;;;;;;;;
;;;;;;;;;;;;;;;
;;;;;;;;;;;;;;;
;;;;;;;;;;;;;;;
;;;;;;;;;;;;;;;
;;;;;;;;;;;;;;;
;;;;;;;;;;;;;;;
;;;;;;;;;;;;;;;
;;;;;;;;;;;;;;;
;;;;;;;;;;;;;;;
;;;;;;;;;;;;;;;
;;;;;;;;;;;;;;;
;;;;;;;;;;;;;;;
;;;;;;;;;;;;;;;
;;;;;;;;;;;;;;;
;;;;;;;;;;;;;;;
;;;;;;;;;;;;;;;
;;;;;;;;;;;;;;;
;;;;;;;;;;;;;;;
;;;;;;;;;;;;;;;
;;;;;;;;;;;;;;;
;;;;;;;;;;;;;;;
;;;;;;;;;;;;;;;
;;;;;;;;;;;;;;;
;;;;;;;;;;;;;;;
;;;;;;;;;;;;;;;
;;;;;;;;;;;;;;;
;;;;;;;;;;;;;;;
;;;;;;;;;;;;;;;
;;;;;;;;;;;;;;;
;;;;;;;;;;;;;;;
;;;;;;;;;;;;;;;
;;;;;;;;;;;;;;;
;;;;;;;;;;;;;;;
