Weetbach, Germany, pre-deforestation;;;;Weetbach, Germany, post-deforestation;;;
Date;P;EP;Q;Date;P;EP;Q
;[mm/d];[mm/d];[mm/d];;[mm/d];[mm/d];[mm/d]
01/07/2009;0,00;4,53;0,57;01/01/2014;1,19;0,57;5,14
02/07/2009;0,00;5,52;0,51;02/01/2014;8,08;0,40;5,38
03/07/2009;14,85;0,06;0,58;03/01/2014;4,98;0,59;4,83
04/07/2009;0,00;4,36;0,54;04/01/2014;0,52;0,43;4,57
05/07/2009;0,00;2,86;0,49;05/01/2014;3,63;0,46;4,67
06/07/2009;0,00;3,33;0,50;06/01/2014;18,92;0,41;4,83
07/07/2009;3,48;0,21;0,53;07/01/2014;3,63;0,79;5,56
08/07/2009;21,00;0,00;0,87;08/01/2014;4,88;0,59;5,45
09/07/2009;1,35;0,59;0,97;09/01/2014;5,61;0,51;5,54
10/07/2009;5,04;0,00;0,73;10/01/2014;0,29;0,42;5,35
11/07/2009;1,68;0,00;0,66;11/01/2014;2,16;0,34;5,13
12/07/2009;4,52;0,05;0,65;12/01/2014;0,00;0,81;4,84
13/07/2009;0,00;4,38;0,58;13/01/2014;0,41;0,37;4,71
14/07/2009;0,00;3,86;0,58;14/01/2014;1,84;0,36;4,56
15/07/2009;0,00;4,89;0,69;15/01/2014;4,98;0,22;4,47
16/07/2009;0,00;4,79;0,52;16/01/2014;1,30;0,27;4,37
17/07/2009;0,00;3,44;0,53;17/01/2014;0,41;0,57;4,12
18/07/2009;2,64;0,00;0,49;18/01/2014;0,00;0,88;3,87
19/07/2009;6,48;0,00;0,52;19/01/2014;0,00;0,65;3,68
20/07/2009;3,27;0,70;0,50;20/01/2014;3,84;0,12;3,61
21/07/2009;9,26;2,19;0,44;21/01/2014;2,26;0,12;3,72
22/07/2009;18,43;1,16;0,90;22/01/2014;0,00;0,32;3,52
23/07/2009;32,00;0,00;0,73;23/01/2014;6,85;0,14;3,32
24/07/2009;18,13;0,80;0,91;24/01/2014;0,17;0,22;3,25
25/07/2009;6,69;0,00;0,91;25/01/2014;5,29;0,36;3,06
26/07/2009;0,20;3,72;0,92;26/01/2014;14,13;0,38;3,13
27/07/2009;0,00;4,03;0,75;27/01/2014;7,57;0,33;3,26
28/07/2009;0,00;4,04;0,70;28/01/2014;0,17;0,50;3,09
29/07/2009;13,63;1,91;0,66;29/01/2014;0,00;0,63;2,95
30/07/2009;0,00;3,44;0,86;30/01/2014;0,00;0,54;2,88
31/07/2009;0,00;3,41;0,61;31/01/2014;0,00;0,90;2,87
01/08/2009;0,00;4,47;0,53;01/02/2014;9,21;0,38;3,45
02/08/2009;0,00;1,29;0,62;02/02/2014;0,00;0,60;3,24
03/08/2009;1,46;0,72;0,58;03/02/2014;0,00;0,37;2,99
04/08/2009;0,00;4,17;0,49;04/02/2014;0,00;0,78;3,05
05/08/2009;0,00;5,20;0,42;05/02/2014;1,19;0,54;3,46
06/08/2009;0,00;5,24;0,39;06/02/2014;2,16;0,85;4,62
07/08/2009;4,73;1,27;0,66;07/02/2014;7,05;0,77;4,77
08/08/2009;0,00;0,99;0,92;08/02/2014;4,36;0,55;4,88
09/08/2009;0,00;2,35;0,58;09/02/2014;0,29;0,70;4,71
10/08/2009;0,00;3,51;0,48;10/02/2014;2,47;0,54;4,09
11/08/2009;3,48;0,00;0,47;11/02/2014;5,50;0,79;3,64
12/08/2009;0,00;2,33;0,44;12/02/2014;2,26;0,80;3,66
13/08/2009;0,00;1,78;0,89;13/02/2014;8,19;0,32;4,22
14/08/2009;0,00;2,23;0,65;14/02/2014;5,09;0,50;3,78
15/08/2009;0,00;4,89;0,49;15/02/2014;1,41;1,07;3,69
16/08/2009;0,00;5,03;0,41;16/02/2014;7,88;0,50;4,44
17/08/2009;0,00;3,24;0,39;17/02/2014;0,00;0,47;3,98
18/08/2009;0,00;4,11;0,36;18/02/2014;0,64;0,74;3,92
19/08/2009;0,00;5,25;0,33;19/02/2014;1,73;0,60;3,92
20/08/2009;0,00;5,13;0,35;20/02/2014;3,21;0,67;3,84
21/08/2009;1,25;1,26;0,40;21/02/2014;9,32;0,57;4,12
22/08/2009;0,00;3,41;0,31;22/02/2014;2,37;0,35;3,76
23/08/2009;0,00;4,44;0,28;23/02/2014;0,00;0,76;3,48
24/08/2009;0,00;4,69;0,27;24/02/2014;0,00;1,90;3,29
25/08/2009;20,66;0,00;0,76;25/02/2014;0,29;1,02;3,25
26/08/2009;0,00;2,69;0,45;26/02/2014;6,02;0,69;3,51
27/08/2009;0,00;3,97;0,35;27/02/2014;4,46;0,50;3,32
28/08/2009;0,46;2,09;0,31;28/02/2014;1,94;0,57;3,20
29/08/2009;0,00;2,31;0,27;01/03/2014;0,75;0,52;3,04
30/08/2009;0,00;2,95;0,25;02/03/2014;0,17;1,15;2,88
31/08/2009;0,00;4,46;0,23;03/03/2014;0,29;0,90;2,74
01/09/2009;0,00;1,99;0,30;04/03/2014;0,00;1,22;2,63
02/09/2009;0,00;2,12;0,29;05/03/2014;0,00;1,14;2,54
03/09/2009;12,32;0,00;0,33;06/03/2014;0,00;2,02;2,46
04/09/2009;7,92;0,00;0,34;07/03/2014;0,00;1,98;2,31
05/09/2009;1,68;0,00;0,31;08/03/2014;0,00;2,57;2,22
06/09/2009;0,00;0,49;0,28;09/03/2014;0,00;4,29;2,13
07/09/2009;0,00;3,16;0,25;10/03/2014;0,00;2,85;2,09
08/09/2009;0,00;4,17;0,23;11/03/2014;0,00;1,88;1,96
09/09/2009;0,20;3,32;0,22;12/03/2014;0,00;2,84;1,83
10/09/2009;0,91;0,00;0,24;13/03/2014;0,00;2,88;1,78
11/09/2009;0,00;1,50;0,23;14/03/2014;0,00;2,61;1,68
12/09/2009;0,00;1,67;0,21;15/03/2014;3,31;0,73;1,88
13/09/2009;1,68;0,00;0,21;16/03/2014;0,00;1,32;1,68
14/09/2009;12,53;0,00;0,27;17/03/2014;0,00;0,77;1,53
15/09/2009;0,20;0,00;0,36;18/03/2014;0,52;1,08;1,48
16/09/2009;0,00;0,00;0,27;19/03/2014;0,29;2,23;1,45
17/09/2009;0,00;0,43;0,26;20/03/2014;0,00;4,07;1,28
18/09/2009;0,00;1,92;0,23;21/03/2014;2,79;1,34;1,30
19/09/2009;8,13;0,00;0,22;22/03/2014;9,52;1,06;1,48
20/09/2009;0,00;1,11;0,20;23/03/2014;1,08;0,83;1,71
21/09/2009;0,00;1,84;0,19;24/03/2014;3,94;1,00;1,39
22/09/2009;0,00;2,80;0,18;25/03/2014;0,00;1,45;1,17
23/09/2009;0,00;1,58;0,16;26/03/2014;1,19;1,44;1,06
24/09/2009;1,57;0,00;0,15;27/03/2014;0,00;2,66;0,98
25/09/2009;0,00;0,83;0,14;28/03/2014;0,00;3,11;0,91
26/09/2009;0,00;2,18;0,13;29/03/2014;0,00;3,40;0,86
27/09/2009;0,00;2,31;0,12;30/03/2014;0,00;2,92;0,84
28/09/2009;0,00;1,98;0,10;31/03/2014;0,00;3,30;0,81
29/09/2009;0,00;1,02;0,10;01/04/2014;0,00;2,88;0,79
30/09/2009;0,00;0,93;0,11;02/04/2014;0,00;3,38;0,75
01/10/2009;0,00;0,70;0,11;03/04/2014;0,00;2,90;0,70
02/10/2009;0,00;0,90;0,10;04/04/2014;0,17;1,48;0,70
03/10/2009;0,29;0,64;0,08;05/04/2014;0,00;0,89;0,67
04/10/2009;9,11;0,00;0,15;06/04/2014;0,00;2,09;0,64
05/10/2009;12,29;0,00;0,17;07/04/2014;2,16;2,68;0,62
06/10/2009;13,11;0,00;0,35;08/04/2014;2,26;1,43;0,66
07/10/2009;20,00;0,00;0,29;09/04/2014;0,00;2,41;0,58
08/10/2009;2,16;0,00;0,67;10/04/2014;0,00;2,18;0,55
09/10/2009;2,05;0,00;0,29;11/04/2014;0,00;1,69;0,54
10/10/2009;13,72;0,00;0,66;12/04/2014;0,00;2,71;0,50
11/10/2009;17,24;0,00;0,48;13/04/2014;0,00;1,27;0,49
12/10/2009;16,23;0,00;0,84;14/04/2014;1,51;2,05;0,46
13/10/2009;0,00;0,00;0,48;15/04/2014;0,00;1,30;0,43
14/10/2009;0,00;0,37;0,37;16/04/2014;0,00;3,37;0,40
15/10/2009;0,00;1,19;0,32;17/04/2014;0,00;3,88;0,38
16/10/2009;24,00;0,00;0,34;18/04/2014;2,47;1,77;0,44
17/10/2009;3,63;0,00;0,38;19/04/2014;0,17;2,58;0,38
18/10/2009;0,00;0,00;0,33;20/04/2014;0,00;2,36;0,37
19/10/2009;0,00;0,40;0,28;21/04/2014;4,15;2,06;0,71
20/10/2009;0,00;1,35;0,25;22/04/2014;3,00;2,09;0,60
21/10/2009;0,00;2,04;0,22;23/04/2014;2,79;3,09;0,51
22/10/2009;0,41;0,12;0,22;24/04/2014;2,89;2,65;0,45
23/10/2009;0,00;0,60;0,21;25/04/2014;1,51;3,55;0,44
24/10/2009;4,26;0,00;0,21;26/04/2014;1,41;2,40;0,43
25/10/2009;0,00;0,00;0,22;27/04/2014;0,41;2,50;0,45
26/10/2009;0,29;0,00;0,20;28/04/2014;0,17;1,37;0,36
27/10/2009;0,00;0,00;0,23;29/04/2014;1,08;1,33;0,36
28/10/2009;0,00;0,97;0,24;30/04/2014;0,33;1,86;0,36
29/10/2009;0,00;0,44;0,22;01/05/2014;0,33;2,44;0,56
30/10/2009;0,00;0,93;0,22;02/05/2014;1,14;0,65;0,63
31/10/2009;0,00;1,02;0,20;03/05/2014;0,00;3,38;0,47
01/11/2009;28,00;0,00;0,27;04/05/2014;0,00;3,41;0,38
02/11/2009;24,00;0,00;0,83;05/05/2014;0,00;4,57;0,35
03/11/2009;12,90;0,00;0,44;06/05/2014;32,51;2,28;1,28
04/11/2009;5,40;0,00;0,90;07/05/2014;3,69;2,16;3,59
05/11/2009;5,40;0,00;0,60;08/05/2014;12,43;1,57;2,30
06/11/2009;0,41;0,00;0,52;09/05/2014;1,57;2,23;2,53
07/11/2009;6,43;0,00;0,62;10/05/2014;13,14;1,18;2,55
08/11/2009;0,29;0,00;0,55;11/05/2014;2,00;2,10;2,76
09/11/2009;2,58;0,00;0,59;12/05/2014;4,41;1,70;2,37
10/11/2009;1,51;0,00;0,80;13/05/2014;3,06;1,54;2,34
11/11/2009;0,17;0,00;0,68;14/05/2014;0,69;3,38;2,06
12/11/2009;2,37;0,00;1,10;15/05/2014;0,00;1,28;1,82
13/11/2009;0,00;0,00;1,26;16/05/2014;0,00;3,38;1,58
14/11/2009;0,75;0,00;1,16;17/05/2014;0,00;4,53;1,41
15/11/2009;13,00;0,00;0,96;18/05/2014;0,00;4,24;1,27
16/11/2009;2,05;0,00;0,61;19/05/2014;0,00;5,21;1,13
17/11/2009;8,70;0,00;0,99;20/05/2014;0,00;4,92;0,99
18/11/2009;0,00;0,00;0,71;21/05/2014;0,57;2,76;0,97
19/11/2009;0,00;0,00;0,59;22/05/2014;8,13;3,40;1,02
20/11/2009;0,00;0,79;0,55;23/05/2014;0,57;2,34;1,09
21/11/2009;1,41;0,00;0,55;24/05/2014;1,79;2,74;0,92
22/11/2009;7,00;0,00;0,61;25/05/2014;0,00;3,66;0,77
23/11/2009;41,24;0,00;2,75;26/05/2014;3,69;1,44;0,86
24/11/2009;10,55;0,00;2,78;27/05/2014;3,06;1,58;0,94
25/11/2009;5,61;0,00;2,66;28/05/2014;0,00;1,89;0,81
26/11/2009;3,63;0,00;2,76;29/05/2014;0,00;1,65;0,70
27/11/2009;12,80;0,00;3,40;30/05/2014;0,00;3,01;0,66
28/11/2009;18,31;0,00;3,42;31/05/2014;0,00;3,74;0,59
29/11/2009;1,62;0,00;3,70;01/06/2014;0,00;3,15;0,52
30/11/2009;0,00;0,00;3,69;02/06/2014;0,00;3,70;0,47
01/12/2009;0,00;0,00;3,83;03/06/2014;0,00;2,55;0,47
02/12/2009;0,64;0,00;3,58;04/06/2014;10,08;2,06;0,61
03/12/2009;13,92;0,00;3,47;05/06/2014;0,00;2,47;0,72
04/12/2009;1,51;0,00;3,23;06/06/2014;0,00;5,69;0,46
05/12/2009;7,05;0,00;2,99;07/06/2014;0,00;5,22;0,40
06/12/2009;9,42;0,00;3,15;08/06/2014;0,69;5,05;0,38
07/12/2009;0,29;0,00;2,77;09/06/2014;35,04;5,40;0,86
08/12/2009;10,55;0,00;3,28;10/06/2014;4,00;5,05;1,04
09/12/2009;2,37;0,00;3,05;11/06/2014;10,59;3,88;1,11
10/12/2009;20,45;0,00;4,46;12/06/2014;0,00;5,37;0,67
11/12/2009;7,36;0,00;5,34;13/06/2014;0,00;4,40;0,57
12/12/2009;2,05;0,00;5,88;14/06/2014;0,00;2,09;0,56
13/12/2009;1,73;0,00;5,86;15/06/2014;0,00;3,02;0,52
14/12/2009;0,00;0,00;5,30;16/06/2014;0,20;2,13;0,50
15/12/2009;0,00;0,00;4,72;17/06/2014;0,00;1,91;0,48
16/12/2009;0,00;0,00;4,22;18/06/2014;0,00;4,16;0,43
17/12/2009;0,17;0,00;3,76;19/06/2014;0,46;2,40;0,39
18/12/2009;3,52;0,00;3,33;20/06/2014;0,00;1,63;0,39
19/12/2009;0,52;0,00;2,98;21/06/2014;0,00;3,25;0,35
20/12/2009;15,00;0,00;2,70;22/06/2014;0,00;3,79;0,31
21/12/2009;1,62;0,00;2,50;23/06/2014;0,00;4,84;0,28
22/12/2009;11,67;0,00;3,06;24/06/2014;0,00;3,18;0,27
23/12/2009;0,00;0,00;2,30;25/06/2014;0,00;3,01;0,26
24/12/2009;3,42;0,00;2,11;26/06/2014;0,00;4,44;0,23
25/12/2009;9,32;0,00;2,86;27/06/2014;4,31;2,95;0,39
26/12/2009;0,00;0,00;2,16;28/06/2014;12,12;1,42;0,86
27/12/2009;3,63;0,00;2,14;29/06/2014;9,26;1,90;1,24
28/12/2009;0,17;0,00;2,23;30/06/2014;0,20;3,03;0,60
29/12/2009;22,00;0,00;2,98;01/07/2014;0,00;4,37;0,42
30/12/2009;12,70;0,00;5,40;02/07/2014;0,00;4,72;0,37
31/12/2009;7,47;0,00;7,65;03/07/2014;0,00;5,80;0,33
01/01/2010;0,97;0,00;8,32;04/07/2014;0,00;4,14;0,32
02/01/2010;0,00;0,00;7,54;05/07/2014;4,93;1,85;0,38
03/01/2010;5,09;0,00;6,44;06/07/2014;5,04;3,08;0,49
04/01/2010;0,00;0,00;5,43;07/07/2014;0,57;3,89;0,49
05/01/2010;0,75;0,00;4,68;08/07/2014;39,08;0,70;2,89
06/01/2010;0,00;0,00;4,01;09/07/2014;38,88;0,62;7,23
07/01/2010;0,17;0,00;3,43;10/07/2014;3,48;2,53;5,87
08/01/2010;0,29;0,00;2,95;11/07/2014;0,33;3,31;3,94
09/01/2010;3,94;0,00;2,65;12/07/2014;0,20;1,07;2,91
10/01/2010;0,64;0,00;2,40;13/07/2014;6,28;2,39;2,52
11/01/2010;0,41;0,00;2,16;14/07/2014;4,10;2,28;2,19
12/01/2010;0,00;0,00;1,96;15/07/2014;0,00;2,75;1,85
13/01/2010;0,29;0,00;1,76;16/07/2014;0,00;4,20;1,53
14/01/2010;0,00;0,00;1,63;17/07/2014;0,00;4,03;1,26
15/01/2010;0,29;0,00;1,46;18/07/2014;0,00;6,32;1,08
16/01/2010;20,00;0,00;1,35;19/07/2014;0,00;6,13;0,90
17/01/2010;22,00;0,00;2,86;20/07/2014;0,00;3,78;0,82
18/01/2010;2,16;0,00;2,11;21/07/2014;17,31;0,75;3,31
19/01/2010;0,17;0,00;2,01;22/07/2014;0,33;3,99;2,32
20/01/2010;1,30;0,00;1,94;23/07/2014;0,57;4,88;1,86
21/01/2010;0,00;0,00;1,85;24/07/2014;0,00;3,83;1,70
22/01/2010;0,00;0,00;1,83;25/07/2014;0,00;3,21;1,63
23/01/2010;0,00;0,00;1,78;26/07/2014;0,00;3,03;1,54
24/01/2010;4,78;0,00;1,68;27/07/2014;1,03;3,19;1,33
25/01/2010;0,64;0,00;1,60;28/07/2014;5,97;2,70;1,88
26/01/2010;0,41;0,00;1,46;29/07/2014;28,57;1,61;1,63
27/01/2010;2,89;0,00;1,33;30/07/2014;0,20;2,84;11,25
28/01/2010;16,00;0,00;1,32;31/07/2014;0,00;4,52;6,19
29/01/2010;17,90;0,00;1,31;01/08/2014;0,00;3,78;4,98
30/01/2010;18,00;0,00;1,20;02/08/2014;1,46;3,25;4,41
31/01/2010;1,94;0,00;1,10;03/08/2014;18,63;3,20;4,01
01/02/2010;3,73;0,00;1,03;04/08/2014;19,04;1,90;6,37
02/02/2010;13,11;0,00;0,98;05/08/2014;0,00;3,03;5,45
03/02/2010;7,16;0,00;1,19;06/08/2014;11,41;3,35;5,43
04/02/2010;0,17;0,00;1,93;07/08/2014;9,36;2,72;5,77
05/02/2010;12,00;0,00;1,72;08/08/2014;7,92;2,93;5,29
06/02/2010;0,17;0,00;1,84;09/08/2014;11,20;2,91;5,45
07/02/2010;0,41;0,00;1,92;10/08/2014;13,95;1,88;5,88
08/02/2010;0,00;0,00;1,91;11/08/2014;2,00;3,63;5,18
09/02/2010;0,52;0,00;1,86;12/08/2014;7,31;3,26;5,58
10/02/2010;1,08;0,00;1,75;13/08/2014;2,00;1,79;5,43
11/02/2010;9,00;0,00;1,68;14/08/2014;1,68;2,12;5,27
12/02/2010;1,84;0,00;1,61;15/08/2014;5,97;1,97;5,11
13/02/2010;1,19;0,00;1,55;16/08/2014;2,64;2,25;4,73
14/02/2010;4,26;0,00;1,49;17/08/2014;2,00;2,13;4,44
15/02/2010;1,41;0,00;1,42;18/08/2014;0,91;2,96;4,75
16/02/2010;0,17;0,00;1,34;19/08/2014;2,21;1,82;4,40
17/02/2010;1,19;0,00;1,28;20/08/2014;5,87;2,34;3,95
18/02/2010;0,41;0,00;1,50;21/08/2014;0,00;2,67;3,68
19/02/2010;0,97;0,00;1,36;22/08/2014;0,80;2,55;3,46
20/02/2010;4,15;0,00;1,19;23/08/2014;9,26;2,04;3,58
21/02/2010;4,26;0,00;1,10;24/08/2014;0,00;2,39;3,17
22/02/2010;12,49;0,00;1,64;25/08/2014;14,67;1,59;3,40
23/02/2010;12,90;0,00;3,77;26/08/2014;32,31;0,95;6,99
24/02/2010;2,05;0,00;4,93;27/08/2014;0,46;1,73;5,73
25/02/2010;3,73;0,00;9,36;28/08/2014;4,00;2,13;5,76
26/02/2010;3,63;0,00;12,21;29/08/2014;2,42;2,21;5,54
27/02/2010;0,41;0,00;12,22;30/08/2014;5,76;1,69;5,04
28/02/2010;11,88;0,00;13,35;31/08/2014;9,56;1,28;5,35
01/03/2010;0,17;0,00;12,82;01/09/2014;0,00;2,02;4,44
02/03/2010;0,00;0,00;11,04;02/09/2014;0,00;2,68;4,08
03/03/2010;0,00;0,54;8,85;03/09/2014;0,00;2,74;3,95
04/03/2010;0,00;1,11;7,21;04/09/2014;0,00;1,28;3,81
05/03/2010;3,84;0,00;6,04;05/09/2014;0,00;2,92;3,59
06/03/2010;9,52;0,00;5,27;06/09/2014;0,00;1,25;3,37
07/03/2010;0,00;0,00;4,51;07/09/2014;0,00;1,55;3,14
08/03/2010;0,00;0,05;3,96;08/09/2014;0,00;2,11;2,87
09/03/2010;0,00;1,24;3,51;09/09/2014;0,00;2,49;2,64
10/03/2010;0,00;1,45;3,15;10/09/2014;0,00;0,99;2,51
11/03/2010;0,00;0,70;2,83;11/09/2014;0,20;1,45;2,37
12/03/2010;0,00;0,64;2,58;12/09/2014;0,00;2,46;2,15
13/03/2010;1,19;0,00;2,35;13/09/2014;0,00;0,69;2,07
14/03/2010;1,94;0,00;2,19;14/09/2014;0,00;1,03;1,96
15/03/2010;10,24;0,00;2,39;15/09/2014;0,00;1,58;1,78
16/03/2010;4,57;0,00;2,87;16/09/2014;0,00;2,21;1,63
17/03/2010;0,00;0,02;2,20;17/09/2014;0,00;3,15;1,51
18/03/2010;0,00;3,15;2,26;18/09/2014;1,68;1,78;1,90
19/03/2010;0,52;2,41;2,74;19/09/2014;0,20;1,89;1,56
20/03/2010;25,00;0,00;4,39;20/09/2014;28,46;1,45;2,84
21/03/2010;13,41;0,00;6,29;21/09/2014;24,92;0,55;5,70
22/03/2010;0,29;0,00;6,32;22/09/2014;1,03;1,13;3,40
23/03/2010;0,00;0,30;5,99;23/09/2014;0,00;2,15;3,08
24/03/2010;0,00;2,88;5,15;24/09/2014;3,79;1,30;3,01
25/03/2010;0,52;2,46;4,75;25/09/2014;0,57;1,22;2,83
26/03/2010;12,70;0,00;4,00;26/09/2014;0,20;1,48;2,52
27/03/2010;0,00;0,00;3,95;27/09/2014;0,00;1,50;2,36
28/03/2010;18,00;0,00;3,25;28/09/2014;0,00;2,22;2,22
29/03/2010;20,86;0,00;3,83;29/09/2014;3,58;1,33;2,34
30/03/2010;1,84;0,00;3,58;30/09/2014;0,00;1,38;2,20
31/03/2010;23,00;0,00;3,41;01/10/2014;0,00;1,47;1,95
01/04/2010;0,52;0,30;3,22;02/10/2014;0,00;1,87;1,80
02/04/2010;2,05;0,02;3,01;03/10/2014;0,00;2,21;1,72
03/04/2010;0,86;0,35;2,92;04/10/2014;0,17;2,35;1,66
04/04/2010;13,52;0,00;2,91;05/10/2014;0,86;0,35;1,66
05/04/2010;0,00;0,45;2,70;06/10/2014;2,68;1,04;1,69
06/04/2010;0,00;2,85;2,33;07/10/2014;8,70;0,98;1,89
07/04/2010;0,00;2,58;2,12;08/10/2014;17,70;0,60;1,91
08/04/2010;2,58;0,00;2,09;09/10/2014;2,16;0,77;1,97
09/04/2010;0,00;0,00;1,99;10/10/2014;0,75;1,14;1,96
10/04/2010;0,00;1,37;1,78;11/10/2014;0,41;1,17;1,96
11/04/2010;2,26;0,00;1,65;12/10/2014;3,31;1,08;2,01
12/04/2010;1,08;0,00;1,56;13/10/2014;0,00;1,08;2,01
13/04/2010;0,17;2,10;1,46;14/10/2014;0,00;1,78;1,94
14/04/2010;0,00;2,26;1,29;15/10/2014;1,51;1,31;1,93
15/04/2010;0,00;2,66;1,16;16/10/2014;4,57;0,88;2,04
16/04/2010;0,00;1,45;1,03;17/10/2014;8,39;0,86;2,18
17/04/2010;0,00;2,79;0,97;18/10/2014;0,00;1,74;2,09
18/04/2010;0,00;3,38;0,91;19/10/2014;3,52;1,64;2,13
19/04/2010;0,00;1,19;0,86;20/10/2014;0,00;0,93;2,13
20/04/2010;0,00;2,86;0,78;21/10/2014;22,08;0,48;3,36
21/04/2010;0,00;2,00;0,74;22/10/2014;15,46;0,45;3,46
22/04/2010;0,00;2,22;0,70;23/10/2014;0,29;0,57;3,03
23/04/2010;0,00;2,96;0,64;24/10/2014;1,62;0,61;3,15
24/04/2010;0,00;3,64;0,59;25/10/2014;8,29;0,50;3,26
25/04/2010;4,78;1,47;0,55;26/10/2014;0,00;0,86;2,74
26/04/2010;0,00;2,32;0,57;27/10/2014;0,00;1,17;2,57
27/04/2010;0,00;2,75;0,53;28/10/2014;0,00;1,11;2,49
28/04/2010;0,00;4,36;0,49;29/10/2014;0,64;0,33;2,41
29/04/2010;0,17;4,74;0,46;30/10/2014;0,00;0,85;2,30
30/04/2010;0,00;2,08;0,45;31/10/2014;0,00;1,26;2,21
01/05/2010;0,00;2,15;0,44;01/11/2014;0,00;2,05;2,09
02/05/2010;4,83;0,00;0,47;02/11/2014;10,86;1,00;2,21
03/05/2010;4,83;0,00;0,54;03/11/2014;8,91;0,97;3,58
04/05/2010;0,46;0,00;0,51;04/11/2014;14,54;0,38;3,92
05/05/2010;0,00;1,32;0,45;05/11/2014;0,00;0,39;3,13
06/05/2010;0,00;0,53;0,53;06/11/2014;1,51;0,51;3,21
07/05/2010;0,00;0,98;0,86;07/11/2014;2,89;0,56;3,14
08/05/2010;0,00;1,90;0,57;08/11/2014;0,00;0,78;2,99
09/05/2010;0,46;1,10;0,50;09/11/2014;1,62;0,84;2,85
10/05/2010;0,00;1,17;0,47;10/11/2014;1,19;0,75;2,66
11/05/2010;14,06;0,00;0,61;11/11/2014;0,17;0,68;2,49
12/05/2010;0,00;0,00;1,24;12/11/2014;0,17;0,53;2,36
13/05/2010;0,00;0,00;0,64;13/11/2014;0,00;0,85;2,18
14/05/2010;0,00;0,22;0,63;14/11/2014;0,86;0,76;2,13
15/05/2010;0,00;2,83;0,56;15/11/2014;3,31;0,29;2,24
16/05/2010;0,00;3,36;0,50;16/11/2014;8,29;0,32;2,82
17/05/2010;0,00;1,23;0,51;17/11/2014;0,52;0,36;2,21
18/05/2010;0,00;2,99;0,52;18/11/2014;1,62;0,20;2,09
19/05/2010;0,00;2,46;0,47;19/11/2014;0,00;0,29;1,98
20/05/2010;0,00;4,39;0,43;20/11/2014;0,00;0,48;1,89
21/05/2010;0,00;3,84;0,41;21/11/2014;0,00;0,60;1,85
22/05/2010;0,00;4,88;0,38;22/11/2014;0,00;0,77;1,79
23/05/2010;0,00;5,13;0,36;23/11/2014;0,00;1,20;1,76
24/05/2010;0,00;4,91;0,36;24/11/2014;0,97;0,41;1,73
25/05/2010;0,00;4,29;0,34;25/11/2014;0,00;0,66;1,59
26/05/2010;0,00;0,64;0,49;26/11/2014;0,52;0,21;1,61
27/05/2010;3,89;0,00;0,47;27/11/2014;1,73;0,27;1,56
28/05/2010;0,00;2,42;0,50;28/11/2014;0,00;0,69;1,43
29/05/2010;0,00;4,27;0,40;29/11/2014;0,00;0,50;1,31
30/05/2010;0,00;1,73;0,51;30/11/2014;0,17;0,53;1,24
31/05/2010;0,00;1,08;0,63;01/12/2014;0,00;0,09;1,18
01/06/2010;0,00;2,34;0,54;02/12/2014;1,08;0,08;1,13
02/06/2010;0,00;4,61;0,47;03/12/2014;0,52;0,06;1,05
03/06/2010;0,00;4,90;0,47;04/12/2014;0,00;0,06;1,01
04/06/2010;0,00;5,44;0,45;05/12/2014;0,00;0,08;1,09
05/06/2010;0,00;4,93;0,44;06/12/2014;0,17;0,08;1,18
06/06/2010;7,82;1,70;0,45;07/12/2014;7,16;0,21;1,38
07/06/2010;0,00;3,84;0,40;08/12/2014;4,88;0,28;1,21
08/06/2010;0,00;3,15;0,35;09/12/2014;2,37;0,20;1,13
09/06/2010;0,00;2,69;0,34;10/12/2014;7,67;0,28;2,24
10/06/2010;0,00;2,15;0,34;11/12/2014;14,84;0,30;3,71
11/06/2010;0,20;4,56;0,33;12/12/2014;26,75;0,37;6,51
12/06/2010;0,00;1,64;0,32;13/12/2014;15,66;0,08;7,86
13/06/2010;0,00;3,35;0,31;14/12/2014;0,00;0,04;7,82
14/06/2010;0,00;4,06;0,28;15/12/2014;1,84;0,10;6,80
15/06/2010;0,00;2,58;0,28;16/12/2014;2,68;0,17;6,45
16/06/2010;0,00;4,83;0,26;17/12/2014;11,88;0,21;7,46
17/06/2010;5,97;0,00;0,29;18/12/2014;10,04;0,37;8,75
18/06/2010;0,46;1,01;0,29;19/12/2014;31,21;0,36;16,53
19/06/2010;1,03;0,79;0,28;20/12/2014;0,52;0,42;14,56
20/06/2010;1,03;0,50;0,27;21/12/2014;1,30;0,33;11,71
21/06/2010;0,00;2,26;0,26;22/12/2014;6,33;0,30;9,97
22/06/2010;0,00;3,86;0,24;23/12/2014;1,73;0,41;8,09
23/06/2010;0,00;5,15;0,23;24/12/2014;12,08;0,35;8,89
24/06/2010;0,00;5,22;0,23;25/12/2014;2,79;0,29;7,69
25/06/2010;0,00;4,84;0,25;26/12/2014;0,52;0,20;7,48
26/06/2010;0,00;4,80;0,25;27/12/2014;9,93;0,20;6,71
27/06/2010;0,00;4,86;0,24;28/12/2014;0,41;0,26;5,83
28/06/2010;0,00;5,04;0,20;29/12/2014;3,31;0,17;5,25
29/06/2010;0,00;3,49;0,17;30/12/2014;0,97;0,21;4,86
30/06/2010;0,00;4,84;0,18;31/12/2014;0,41;0,25;4,38
01/07/2010;0,00;5,53;0,18;01/01/2015;0,00;0,54;4,33
02/07/2010;0,00;6,01;0,19;02/01/2015;14,03;0,38;4,68
03/07/2010;0,00;3,64;3,43;03/01/2015;18,41;0,17;4,79
04/07/2010;0,00;4,17;0,84;04/01/2015;0,00;0,27;4,27
05/07/2010;0,00;2,65;0,50;05/01/2015;0,00;0,47;4,26
06/07/2010;0,00;3,90;0,42;06/01/2015;1,94;0,70;4,14
07/07/2010;0,00;5,50;0,36;07/01/2015;1,19;0,28;4,40
08/07/2010;0,00;6,37;0,32;08/01/2015;27,05;0,26;9,47
09/07/2010;0,00;5,85;0,30;09/01/2015;14,74;0,51;11,99
10/07/2010;15,08;3,52;0,28;10/01/2015;8,39;0,70;12,68
11/07/2010;0,33;5,14;1,27;11/01/2015;2,68;0,49;11,06
12/07/2010;0,00;4,16;0,42;12/01/2015;4,15;0,32;9,34
13/07/2010;0,80;3,13;0,35;13/01/2015;6,12;0,63;8,88
14/07/2010;19,34;2,57;0,57;14/01/2015;7,88;0,30;8,14
15/07/2010;0,46;3,90;0,50;15/01/2015;12,49;0,52;7,67
16/07/2010;0,00;5,88;0,43;16/01/2015;0,64;0,30;6,98
17/07/2010;0,00;3,43;0,62;17/01/2015;1,19;0,48;6,41
18/07/2010;0,00;5,09;0,36;18/01/2015;0,00;0,46;5,69
19/07/2010;0,00;5,88;0,31;19/01/2015;1,62;0,38;5,14
20/07/2010;0,00;6,18;0,29;20/01/2015;0,00;0,43;4,61
21/07/2010;0,00;3,73;0,29;21/01/2015;0,00;0,37;4,17
22/07/2010;0,80;0,90;0,30;22/01/2015;0,00;0,14;3,75
23/07/2010;1,03;1,30;0,32;23/01/2015;0,00;0,16;3,41
24/07/2010;0,00;2,81;0,30;24/01/2015;9,73;0,12;3,16
25/07/2010;0,00;3,16;0,27;25/01/2015;2,47;0,19;3,05
26/07/2010;9,15;0,00;0,32;26/01/2015;10,34;0,19;3,51
27/07/2010;0,00;2,22;0,31;27/01/2015;1,30;0,26;2,82
28/07/2010;0,91;2,19;0,27;28/01/2015;11,78;0,23;3,41
29/07/2010;6,90;0,00;0,33;29/01/2015;9,83;0,32;2,81
30/07/2010;5,04;0,63;0,30;30/01/2015;3,94;0,32;2,71
31/07/2010;1,25;2,32;0,25;31/01/2015;1,30;0,26;2,73
01/08/2010;0,00;3,63;0,23;01/02/2015;8,08;0,19;2,72
02/08/2010;0,80;1,67;0,22;02/02/2015;3,31;0,24;2,61
03/08/2010;0,33;2,60;0,21;03/02/2015;1,62;0,32;2,47
04/08/2010;8,44;0,00;0,25;04/02/2015;0,41;0,42;2,34
05/08/2010;0,20;1,95;0,26;05/02/2015;0,00;0,33;2,18
06/08/2010;0,00;3,31;0,21;06/02/2015;0,00;0,57;2,07
07/08/2010;0,00;4,19;0,19;07/02/2015;0,52;0,78;1,97
08/08/2010;13,04;0,00;0,25;08/02/2015;0,97;0,47;1,93
09/08/2010;0,00;2,64;0,23;09/02/2015;1,94;0,24;2,25
10/08/2010;2,53;1,55;0,19;10/02/2015;1,51;0,23;2,19
11/08/2010;17,01;0,00;0,25;11/02/2015;0,00;1,00;1,95
12/08/2010;0,00;2,23;0,31;12/02/2015;0,00;1,24;1,78
13/08/2010;1,35;0,96;0,23;13/02/2015;0,00;1,25;1,88
14/08/2010;0,00;3,31;0,21;14/02/2015;0,52;0,50;2,13
15/08/2010;45,54;0,00;1,97;15/02/2015;0,00;1,28;2,03
16/08/2010;13,34;0,00;1,94;16/02/2015;0,00;0,79;1,99
17/08/2010;11,71;0,00;3,25;17/02/2015;0,86;0,30;2,17
18/08/2010;6,79;0,00;2,10;18/02/2015;0,00;0,35;2,23
19/08/2010;0,00;2,48;1,83;19/02/2015;0,00;0,37;2,16
20/08/2010;0,00;4,37;1,55;20/02/2015;2,26;0,52;3,24
21/08/2010;0,00;4,84;1,37;21/02/2015;9,42;0,55;2,62
22/08/2010;1,14;1,50;1,25;22/02/2015;0,00;0,84;2,49
23/08/2010;14,97;0,00;1,92;23/02/2015;16,78;0,46;2,52
24/08/2010;0,00;2,24;2,00;24/02/2015;4,05;0,39;2,43
25/08/2010;5,04;0,00;1,29;25/02/2015;4,67;0,40;2,62
26/08/2010;11,20;0,00;1,37;26/02/2015;3,73;0,38;4,14
27/08/2010;23,60;0,00;3,05;27/02/2015;6,64;0,46;3,41
28/08/2010;2,21;0,00;2,40;28/02/2015;0,00;1,32;4,33
29/08/2010;9,87;0,00;2,49;01/03/2015;5,92;0,95;5,75
30/08/2010;19,95;0,00;5,76;02/03/2015;10,14;0,84;5,47
31/08/2010;0,20;0,43;6,04;03/03/2015;9,73;0,90;5,77
01/09/2010;0,00;2,20;5,87;04/03/2015;1,08;0,90;5,17
02/09/2010;0,20;1,53;4,97;05/03/2015;0,41;0,98;4,95
03/09/2010;0,00;2,05;4,23;06/03/2015;0,00;1,28;4,71
04/09/2010;0,00;2,38;3,64;07/03/2015;0,00;2,00;4,52
05/09/2010;0,00;2,67;3,14;08/03/2015;0,00;2,95;4,60
06/09/2010;0,57;2,76;2,79;09/03/2015;0,29;1,06;5,10
07/09/2010;7,10;0,00;2,96;10/03/2015;0,52;0,56;4,92
08/09/2010;3,27;0,00;2,61;11/03/2015;0,00;1,98;4,51
09/09/2010;22,49;0,00;2,95;12/03/2015;0,00;2,39;4,22
10/09/2010;0,00;0,40;2,59;13/03/2015;0,00;1,43;3,91
11/09/2010;0,00;3,03;1,91;14/03/2015;0,29;0,96;3,78
12/09/2010;2,21;0,00;1,77;15/03/2015;1,19;0,29;3,45
13/09/2010;0,20;0,89;1,66;16/03/2015;0,00;1,53;3,15
14/09/2010;4,10;0,00;1,55;17/03/2015;0,00;2,61;2,95
15/09/2010;11,61;0,00;2,32;18/03/2015;0,00;2,43;2,88
16/09/2010;5,66;0,00;1,63;19/03/2015;0,00;0,44;2,77
17/09/2010;0,91;0,00;1,62;20/03/2015;0,00;1,46;2,67
18/09/2010;0,00;1,13;1,39;21/03/2015;6,43;0,38;3,04
19/09/2010;0,00;1,63;1,26;22/03/2015;0,17;0,61;2,41
20/09/2010;0,00;2,44;1,17;23/03/2015;0,00;1,56;2,26
21/09/2010;0,00;1,86;1,08;24/03/2015;0,00;1,44;2,35
22/09/2010;0,00;3,05;1,01;25/03/2015;5,50;0,47;2,16
23/09/2010;8,64;0,04;1,31;26/03/2015;4,78;1,07;2,33
24/09/2010;10,18;0,00;1,94;27/03/2015;0,00;1,00;1,96
25/09/2010;8,33;0,00;2,23;28/03/2015;7,36;1,05;4,12
26/09/2010;4,10;0,00;1,74;29/03/2015;28,58;0,69;6,68
27/09/2010;3,27;0,00;1,82;30/03/2015;7,77;1,34;7,89
28/09/2010;0,69;0,00;2,15;31/03/2015;20,96;1,10;8,18
29/09/2010;0,20;0,00;2,06;01/04/2015;2,47;1,40;9,85
30/09/2010;5,19;0,00;2,14;02/04/2015;17,50;1,12;8,68
01/10/2010;4,67;0,00;2,20;03/04/2015;0,17;1,57;8,68
02/10/2010;11,37;0,00;2,80;04/04/2015;3,52;0,81;7,35
03/10/2010;0,00;0,60;2,25;05/04/2015;0,00;2,00;6,40
04/10/2010;0,00;1,63;2,18;06/04/2015;0,00;0,97;5,59
05/10/2010;0,17;1,02;2,20;07/04/2015;0,00;2,89;5,00
06/10/2010;0,00;1,24;2,14;08/04/2015;0,00;2,64;4,51
07/10/2010;0,00;1,64;2,01;09/04/2015;0,00;3,49;4,08
08/10/2010;0,00;1,49;1,92;10/04/2015;0,00;4,33;3,79
09/10/2010;0,00;2,22;1,79;11/04/2015;1,41;1,43;3,48
10/10/2010;0,00;2,58;1,61;12/04/2015;0,00;3,41;3,14
11/10/2010;0,00;2,02;1,45;13/04/2015;0,00;2,00;2,89
12/10/2010;0,00;1,72;1,34;14/04/2015;0,00;4,04;2,66
13/10/2010;0,00;0,57;1,29;15/04/2015;0,00;4,55;2,51
14/10/2010;0,00;0,84;1,23;16/04/2015;0,00;3,31;2,33
15/10/2010;10,24;0,00;1,24;17/04/2015;0,00;2,66;2,13
16/10/2010;12,49;0,00;2,21;18/04/2015;0,00;3,44;1,98
17/10/2010;0,00;0,00;1,95;19/04/2015;0,00;3,49;1,81
18/10/2010;0,29;0,00;1,43;20/04/2015;0,00;4,10;1,66
19/10/2010;20,00;0,00;1,67;21/04/2015;0,00;4,42;1,55
20/10/2010;26,00;0,00;2,38;22/04/2015;0,00;3,48;1,45
21/10/2010;0,41;0,00;2,14;23/04/2015;0,00;4,00;1,33
22/10/2010;0,00;0,00;2,02;24/04/2015;0,00;4,52;1,48
23/10/2010;26,00;0,00;2,23;25/04/2015;7,77;1,23;1,84
24/10/2010;1,51;0,00;2,48;26/04/2015;9,52;1,99;2,36
25/10/2010;0,00;0,00;2,23;27/04/2015;2,05;0,41;1,42
26/10/2010;0,00;0,00;2,09;28/04/2015;0,00;2,48;1,20
27/10/2010;1,19;0,16;1,99;29/04/2015;0,00;2,17;2,20
28/10/2010;0,00;0,71;1,90;30/04/2015;12,73;0,86;1,76
29/10/2010;0,00;1,80;1,85;01/05/2015;0,00;1,64;1,34
30/10/2010;0,97;0,00;1,73;02/05/2015;0,00;2,53;1,70
31/10/2010;1,30;0,00;1,69;03/05/2015;13,65;1,19;1,68
01/11/2010;0,00;0,34;1,57;04/05/2015;1,25;3,03;1,66
02/11/2010;0,97;0,00;1,46;05/05/2015;6,28;2,81;1,45
03/11/2010;3,00;0,00;1,44;06/05/2015;4,10;2,87;1,34
04/11/2010;1,84;0,00;1,48;07/05/2015;0,00;2,99;1,21
05/11/2010;10,55;0,00;1,50;08/05/2015;0,00;3,24;1,14
06/11/2010;16,07;0,00;2,63;09/05/2015;0,20;3,22;1,05
07/11/2010;4,36;0,00;2,58;10/05/2015;0,00;4,31;0,96
08/11/2010;3,73;0,00;2,35;11/05/2015;0,00;4,57;0,91
09/11/2010;3,00;0,00;2,32;12/05/2015;0,00;3,56;0,82
10/11/2010;9,83;0,00;2,84;13/05/2015;0,00;4,31;0,81
11/11/2010;23,09;0,00;3,68;14/05/2015;1,35;2,94;0,85
12/11/2010;21,06;0,00;5,09;15/05/2015;2,11;2,60;0,76
13/11/2010;70,84;0,00;23,31;16/05/2015;0,80;1,40;0,70
14/11/2010;3,42;0,00;30,91;17/05/2015;0,00;3,05;0,64
15/11/2010;0,00;0,00;19,33;18/05/2015;2,53;3,97;0,65
16/11/2010;0,00;0,00;13,84;19/05/2015;2,74;2,67;0,59
17/11/2010;0,52;0,00;10,30;20/05/2015;0,91;2,36;0,53
18/11/2010;1,08;0,00;8,08;21/05/2015;0,00;3,35;0,49
19/11/2010;0,52;0,00;6,65;22/05/2015;0,00;3,73;0,47
20/11/2010;0,00;0,00;5,66;23/05/2015;6,69;2,56;0,46
21/11/2010;0,00;0,00;4,92;24/05/2015;0,00;2,31;0,52
22/11/2010;0,29;0,00;4,34;25/05/2015;3,27;1,60;0,46
23/11/2010;3,94;0,00;3,94;26/05/2015;0,80;1,80;0,40
24/11/2010;6,54;0,00;3,75;27/05/2015;0,00;3,07;0,37
25/11/2010;2,79;0,00;3,32;28/05/2015;0,00;2,96;0,42
26/11/2010;0,97;0,00;3,01;29/05/2015;5,97;2,24;0,43
27/11/2010;0,00;0,00;2,71;30/05/2015;0,00;2,30;0,43
28/11/2010;0,00;0,00;2,45;31/05/2015;7,00;2,34;0,46
29/11/2010;2,58;0,00;2,33;01/06/2015;1,25;2,95;0,35
30/11/2010;0,86;0,00;2,23;02/06/2015;1,57;3,56;0,30
01/12/2010;2,05;0,00;2,05;03/06/2015;0,33;2,67;0,26
02/12/2010;0,52;0,00;1,86;04/06/2015;0,00;5,54;0,34
03/12/2010;0,00;0,00;1,72;05/06/2015;9,87;6,57;0,30
04/12/2010;1,62;0,00;1,58;06/06/2015;0,00;2,87;0,23
05/12/2010;13,11;0,00;1,55;07/06/2015;0,00;4,89;0,21
06/12/2010;0,29;0,00;1,47;08/06/2015;0,00;3,80;0,20
07/12/2010;0,00;0,00;1,50;09/06/2015;0,00;2,98;0,19
08/12/2010;4,67;0,00;1,54;10/06/2015;0,00;4,73;0,19
09/12/2010;3,31;0,00;1,42;11/06/2015;0,00;5,29;0,18
10/12/2010;6,12;0,00;1,37;12/06/2015;0,20;4,63;0,20
11/12/2010;1,51;0,00;3,43;13/06/2015;5,35;3,68;0,16
12/12/2010;4,15;0,00;2,88;14/06/2015;0,00;5,33;0,16
13/12/2010;2,58;0,00;2,81;15/06/2015;0,00;1,95;0,15
14/12/2010;0,86;0,00;2,90;16/06/2015;0,00;3,35;0,22
15/12/2010;0,97;0,00;2,89;17/06/2015;0,00;4,81;0,25
16/12/2010;19,43;0,00;2,89;18/06/2015;11,30;2,95;0,22
17/12/2010;0,64;0,00;2,78;19/06/2015;3,79;1,30;0,20
18/12/2010;2,58;0,00;2,59;20/06/2015;0,69;1,95;0,26
19/12/2010;22,79;0,00;2,49;21/06/2015;4,21;2,22;2,38
20/12/2010;0,00;0,00;2,32;22/06/2015;25,33;0,99;1,46
21/12/2010;3,73;0,00;2,23;23/06/2015;7,72;1,63;0,82
22/12/2010;5,81;0,00;2,27;24/06/2015;0,00;3,19;0,59
23/12/2010;15,86;0,00;2,32;25/06/2015;0,00;4,42;0,51
24/12/2010;6,74;0,00;2,06;26/06/2015;0,69;3,96;0,43
25/12/2010;0,00;0,00;1,92;27/06/2015;2,21;3,38;0,36
26/12/2010;2,89;0,00;1,90;28/06/2015;0,00;4,29;0,30
27/12/2010;0,00;0,00;1,90;29/06/2015;0,00;5,24;0,25
28/12/2010;0,00;0,00;1,89;30/06/2015;0,00;5,95;0,22
29/12/2010;0,17;0,00;1,87;01/07/2015;0,00;6,98;0,20
30/12/2010;0,00;0,00;1,86;02/07/2015;0,00;7,02;0,19
31/12/2010;0,00;0,00;1,83;03/07/2015;0,00;5,09;0,17
01/01/2011;2,05;0,00;1,82;04/07/2015;0,00;5,87;0,21
02/01/2011;1,73;0,00;1,78;05/07/2015;6,59;4,46;0,18
03/01/2011;3,94;0,00;1,74;06/07/2015;0,00;5,55;0,20
04/01/2011;0,52;0,00;1,69;07/07/2015;4,31;3,70;0,78
05/01/2011;0,41;0,00;1,61;08/07/2015;18,43;1,90;0,42
06/01/2011;32,53;0,00;7,01;09/07/2015;2,32;2,33;0,27
07/01/2011;10,24;0,00;13,85;10/07/2015;0,00;5,39;0,21
08/01/2011;11,47;0,00;19,04;11/07/2015;0,00;6,06;0,24
09/01/2011;10,86;0,00;23,76;12/07/2015;1,46;2,32;0,57
10/01/2011;0,00;0,00;18,27;13/07/2015;8,95;1,33;0,45
11/01/2011;4,57;0,00;13,91;14/07/2015;2,42;1,89;0,32
12/01/2011;23,09;0,00;12,68;15/07/2015;0,46;2,82;0,25
13/01/2011;40,43;0,00;29,40;16/07/2015;0,00;3,77;0,20
14/01/2011;13,41;0,00;38,38;17/07/2015;0,46;6,61;0,54
15/01/2011;0,00;0,00;30,36;18/07/2015;0,00;4,85;0,52
16/01/2011;0,17;0,00;21,84;19/07/2015;19,45;1,85;0,48
17/01/2011;0,52;0,00;16,10;20/07/2015;3,69;1,80;0,34
18/01/2011;10,86;0,00;13,14;21/07/2015;0,00;3,52;0,28
19/01/2011;7,57;0,00;10,76;22/07/2015;0,00;3,43;0,25
20/01/2011;5,50;0,00;9,04;23/07/2015;0,00;3,65;0,56
21/01/2011;0,41;0,00;7,72;24/07/2015;5,35;4,07;1,37
22/01/2011;2,68;0,00;6,81;25/07/2015;19,75;1,21;1,28
23/01/2011;2,16;0,00;6,05;26/07/2015;2,53;3,13;1,82
24/01/2011;2,37;0,00;5,58;27/07/2015;20,97;1,36;1,26
25/01/2011;5,81;0,00;5,06;28/07/2015;0,00;2,27;0,99
26/01/2011;0,41;0,00;4,51;29/07/2015;1,25;3,26;0,91
27/01/2011;0,00;0,00;3,98;30/07/2015;7,20;1,82;0,71
28/01/2011;0,00;0,00;3,59;31/07/2015;0,00;3,67;0,57
29/01/2011;0,00;0,00;3,24;01/08/2015;0,00;4,35;0,48
30/01/2011;0,00;0,00;2,94;02/08/2015;0,00;5,02;0,45
31/01/2011;0,00;0,06;2,66;03/08/2015;0,00;6,11;0,64
01/02/2011;3,31;0,00;2,44;04/08/2015;7,41;1,61;0,41
02/02/2011;0,17;0,00;2,31;05/08/2015;0,00;4,88;0,40
03/02/2011;4,46;0,00;2,30;06/08/2015;0,00;5,68;0,36
04/02/2011;3,00;0,00;2,94;07/08/2015;0,46;4,36;0,34
05/02/2011;1,30;0,00;3,34;08/08/2015;0,00;2,34;0,33
06/02/2011;0,00;0,00;2,82;09/08/2015;0,46;2,16;0,32
07/02/2011;0,17;0,45;2,97;10/08/2015;0,91;1,15;0,27
08/02/2011;0,97;0,00;3,51;11/08/2015;0,00;4,20;0,24
09/02/2011;0,00;1,18;3,64;12/08/2015;0,00;3,57;0,24
10/02/2011;8,39;0,00;3,64;13/08/2015;1,35;4,71;0,30
11/02/2011;16,78;0,00;5,07;14/08/2015;5,04;2,58;0,48
12/02/2011;1,84;0,00;4,41;15/08/2015;13,04;1,79;0,46
13/02/2011;0,00;0,00;4,75;16/08/2015;6,90;0,75;0,43
14/02/2011;6,95;0,00;4,99;17/08/2015;2,21;0,86;0,31
15/02/2011;0,64;0,00;5,01;18/08/2015;0,46;1,71;0,26
16/02/2011;0,00;0,00;4,32;19/08/2015;0,00;2,78;0,23
17/02/2011;0,00;0,00;3,80;20/08/2015;0,00;2,97;0,22
18/02/2011;0,00;0,00;3,51;21/08/2015;0,00;2,56;0,20
19/02/2011;0,00;0,00;3,26;22/08/2015;0,00;4,35;0,35
20/02/2011;1,73;0,00;3,03;23/08/2015;9,77;3,88;0,37
21/02/2011;0,17;0,00;2,76;24/08/2015;0,33;2,66;0,31
22/02/2011;0,00;0,00;2,45;25/08/2015;9,87;2,54;0,31
23/02/2011;0,41;0,55;2,25;26/08/2015;0,20;4,32;2,20
24/02/2011;3,94;0,00;2,23;27/08/2015;28,87;0,73;1,00
25/02/2011;0,52;0,00;2,27;28/08/2015;0,00;1,85;0,78
26/02/2011;9,83;0,00;2,31;29/08/2015;0,00;2,38;0,68
27/02/2011;16,78;0,00;3,57;30/08/2015;0,00;4,56;1,60
28/02/2011;0,86;0,00;2,57;31/08/2015;0,00;4,88;1,78
01/03/2011;0,00;0,00;2,63;01/09/2015;23,60;0,83;1,32
02/03/2011;0,00;0,00;2,88;02/09/2015;0,20;2,48;1,18
03/03/2011;0,00;1,18;2,88;03/09/2015;0,57;2,47;1,12
04/03/2011;0,00;1,54;2,76;04/09/2015;1,14;1,66;1,32
05/03/2011;0,00;1,20;2,59;05/09/2015;8,54;1,25;1,07
06/03/2011;0,00;1,14;2,40;06/09/2015;1,57;1,55;0,96
07/03/2011;0,00;2,21;2,19;07/09/2015;3,69;0,94;0,84
08/03/2011;0,00;2,40;2,03;08/09/2015;0,33;1,04;0,70
09/03/2011;0,75;0,20;1,99;09/09/2015;0,00;2,33;0,61
10/03/2011;0,52;0,25;1,88;10/09/2015;0,00;2,76;0,58
11/03/2011;0,41;0,51;1,74;11/09/2015;0,00;2,35;2,10
12/03/2011;0,00;1,79;1,58;12/09/2015;18,94;2,08;1,66
13/03/2011;1,30;0,00;1,47;13/09/2015;1,57;1,05;1,76
14/03/2011;0,52;0,00;1,36;14/09/2015;9,67;1,75;2,28
15/03/2011;0,00;2,06;1,22;15/09/2015;3,48;1,96;4,80
16/03/2011;0,00;0,91;1,13;16/09/2015;23,00;0,84;3,32
17/03/2011;0,00;0,29;1,07;17/09/2015;5,04;1,05;2,59
18/03/2011;4,26;0,00;1,03;18/09/2015;1,57;1,83;2,20
19/03/2011;1,30;0,00;1,22;19/09/2015;2,11;1,02;1,88
20/03/2011;0,00;0,53;0,93;20/09/2015;0,46;1,71;2,44
21/03/2011;0,00;2,52;0,80;21/09/2015;1,57;2,02;2,50
22/03/2011;0,00;2,56;0,72;22/09/2015;21,88;0,92;2,38
23/03/2011;0,00;2,33;0,65;23/09/2015;13,24;0,49;2,07
24/03/2011;0,00;2,40;0,62;24/09/2015;1,14;1,77;1,98
25/03/2011;0,00;3,10;0,57;25/09/2015;0,00;1,65;1,80
26/03/2011;0,00;1,97;0,54;26/09/2015;0,00;1,05;1,63
27/03/2011;0,00;1,80;0,52;27/09/2015;0,00;1,95;1,46
28/03/2011;0,00;2,50;0,48;28/09/2015;0,00;2,01;1,32
29/03/2011;0,00;2,90;0,44;29/09/2015;0,00;1,95;1,19
30/03/2011;0,00;1,69;0,42;30/09/2015;0,00;2,30;1,07
31/03/2011;5,61;0,00;0,46;01/10/2015;0,00;2,29;1,00
01/04/2011;0,17;0,00;0,45;02/10/2015;0,00;2,43;0,95
02/04/2011;0,00;2,89;0,41;03/10/2015;0,00;1,89;0,90
03/04/2011;7,88;0,00;0,45;04/10/2015;0,41;0,86;1,08
04/04/2011;1,19;0,00;0,59;05/10/2015;3,52;0,91;1,48
05/04/2011;0,52;0,00;0,45;06/10/2015;2,05;0,91;1,51
06/04/2011;0,00;2,59;0,38;07/10/2015;4,57;0,66;1,28
07/04/2011;0,17;3,40;0,34;08/10/2015;0,00;0,83;1,09
08/04/2011;0,00;2,74;0,31;09/10/2015;0,41;0,52;0,93
09/04/2011;0,00;3,05;0,29;10/10/2015;0,29;0,41;0,82
10/04/2011;0,00;3,58;0,26;11/10/2015;0,00;1,68;0,66
11/04/2011;0,00;4,12;0,25;12/10/2015;0,00;1,58;0,56
12/04/2011;6,95;0,00;0,29;13/10/2015;0,00;0,73;0,69
13/04/2011;0,00;1,46;0,26;14/10/2015;2,58;0,18;1,38
14/04/2011;0,00;1,46;0,25;15/10/2015;6,33;0,24;1,55
15/04/2011;0,00;2,65;0,23;16/10/2015;7,98;0,33;0,96
16/04/2011;0,00;2,62;0,21;17/10/2015;0,17;0,36;0,89
17/04/2011;0,00;2,73;0,20;18/10/2015;0,52;0,65;0,90
18/04/2011;0,00;4,16;0,22;19/10/2015;0,64;0,36;1,11
19/04/2011;0,00;3,81;0,24;20/10/2015;2,26;0,28;1,03
20/04/2011;0,00;4,64;0,22;21/10/2015;0,29;0,71;0,99
21/04/2011;0,00;4,73;0,21;22/10/2015;3,42;0,48;0,91
22/04/2011;0,00;4,60;0,21;23/10/2015;0,00;0,91;0,83
23/04/2011;0,00;4,33;0,20;24/10/2015;0,00;0,88;0,67
24/04/2011;0,00;4,34;0,20;25/10/2015;0,64;0,62;0,66
25/04/2011;0,00;4,56;0,19;26/10/2015;0,00;1,18;0,65
26/04/2011;0,00;3,43;0,18;27/10/2015;0,00;1,41;0,65
27/04/2011;4,15;0,00;0,22;28/10/2015;0,17;0,78;0,67
28/04/2011;1,51;0,00;0,23;29/10/2015;0,17;0,28;0,66
29/04/2011;0,00;2,41;0,21;30/10/2015;0,00;0,78;0,62
30/04/2011;0,69;3,13;0,19;31/10/2015;0,00;1,72;0,61
01/05/2011;0,00;3,75;0,17;01/11/2015;0,00;0,82;0,59
02/05/2011;0,00;3,62;0,17;02/11/2015;0,00;2,26;0,58
03/05/2011;0,00;2,70;0,17;03/11/2015;0,00;1,83;0,57
04/05/2011;0,00;2,98;0,16;04/11/2015;0,97;1,39;0,55
05/05/2011;0,00;3,81;0,15;05/11/2015;1,19;0,77;0,55
06/05/2011;0,00;4,49;0,14;06/11/2015;7,05;0,57;0,55
07/05/2011;0,00;5,67;0,14;07/11/2015;1,30;0,57;0,60
08/05/2011;0,00;5,75;0,14;08/11/2015;0,00;1,09;0,56
09/05/2011;0,00;4,49;0,13;09/11/2015;0,86;1,29;0,55
10/05/2011;4,31;1,34;0,13;10/11/2015;0,64;0,68;0,52
11/05/2011;5,76;1,08;0,15;11/11/2015;0,00;0,53;0,51
12/05/2011;0,00;3,21;0,13;12/11/2015;0,86;0,73;0,50
13/05/2011;0,00;3,54;0,12;13/11/2015;10,24;0,46;0,57
14/05/2011;0,00;3,24;0,12;14/11/2015;9,52;0,47;0,69
15/05/2011;9,56;0,00;0,15;15/11/2015;1,84;0,62;0,80
16/05/2011;1,03;0,00;0,13;16/11/2015;14,64;0,48;0,70
17/05/2011;0,00;3,29;0,12;17/11/2015;20,96;0,65;1,83
18/05/2011;0,00;3,41;0,11;18/11/2015;1,51;1,10;2,24
19/05/2011;7,31;0,00;0,11;19/11/2015;26,44;0,54;3,17
20/05/2011;1,25;1,34;0,11;20/11/2015;7,57;0,33;5,31
21/05/2011;0,00;4,24;0,10;21/11/2015;1,19;0,33;5,81
22/05/2011;0,00;3,42;0,14;22/11/2015;0,41;0,28;5,06
23/05/2011;0,00;5,04;0,11;23/11/2015;0,00;0,45;4,13
24/05/2011;0,00;4,15;0,10;24/11/2015;11,06;0,29;3,49
25/05/2011;0,00;5,69;0,09;25/11/2015;10,14;0,21;3,40
26/05/2011;0,00;4,80;0,09;26/11/2015;1,08;0,26;3,26
27/05/2011;0,00;1,44;0,12;27/11/2015;0,17;0,44;3,10
28/05/2011;0,00;3,76;0,12;28/11/2015;10,34;0,31;3,58
29/05/2011;0,00;4,25;0,10;29/11/2015;26,24;0,40;5,18
30/05/2011;0,00;6,68;0,11;30/11/2015;35,47;0,41;9,77
31/05/2011;16,91;0,00;0,21;01/12/2015;24,31;0,32;18,34
01/06/2011;0,00;2,26;0,21;02/12/2015;0,00;0,37;16,69
02/06/2011;0,00;5,42;0,13;03/12/2015;0,00;0,88;11,65
03/06/2011;0,00;4,93;0,11;04/12/2015;9,42;0,34;8,66
04/06/2011;0,20;4,55;0,09;05/12/2015;0,00;0,59;6,60
05/06/2011;0,00;4,09;0,57;06/12/2015;0,00;0,41;5,32
06/06/2011;0,00;3,62;0,63;07/12/2015;0,00;1,00;4,41
07/06/2011;25,83;0,53;0,81;08/12/2015;8,49;0,90;3,77
08/06/2011;0,00;2,73;1,41;09/12/2015;0,64;0,52;3,52
09/06/2011;0,00;2,89;0,54;10/12/2015;0,00;0,53;2,93
10/06/2011;0,00;2,46;0,49;11/12/2015;22,08;0,23;3,20
11/06/2011;0,00;3,29;0,47;12/12/2015;3,94;0,31;4,40
12/06/2011;0,00;3,90;0,36;13/12/2015;2,37;0,21;5,24
13/06/2011;0,00;2,23;0,36;14/12/2015;0,00;0,27;5,24
14/06/2011;0,00;3,39;0,29;15/12/2015;0,97;0,41;4,65
15/06/2011;0,00;2,91;0,20;16/12/2015;16,68;0,29;4,32
16/06/2011;0,00;3,11;0,19;17/12/2015;0,29;0,54;3,89
17/06/2011;0,00;2,72;0,19;18/12/2015;0,64;0,45;3,51
18/06/2011;0,00;2,93;0,36;19/12/2015;0,00;0,65;3,33
19/06/2011;0,00;1,71;0,40;20/12/2015;0,17;0,84;3,17
20/06/2011;7,72;0,00;0,35;21/12/2015;8,29;0,52;2,99
21/06/2011;8,44;0,00;0,53;22/12/2015;6,23;0,43;3,08
22/06/2011;13,75;0,00;0,78;23/12/2015;5,81;0,51;2,81
23/06/2011;5,76;0,39;0,60;24/12/2015;2,37;0,66;2,63
24/06/2011;0,00;2,40;0,52;25/12/2015;9,01;0,30;2,84
25/06/2011;0,00;1,11;0,47;26/12/2015;0,00;0,80;2,81
26/06/2011;0,00;4,45;0,42;27/12/2015;0,00;0,61;2,81
27/06/2011;0,00;6,33;0,36;28/12/2015;0,17;1,87;2,79
28/06/2011;0,00;6,41;0,31;29/12/2015;0,00;0,67;2,68
29/06/2011;0,69;0,55;0,31;30/12/2015;0,00;0,47;2,48
30/06/2011;0,00;3,71;0,29;31/12/2015;1,94;0,63;2,33
01/07/2011;0,00;2,98;0,32;01/01/2016;0,52;0,31;2,09
02/07/2011;0,00;2,13;0,29;02/01/2016;2,37;0,20;1,98
03/07/2011;0,00;4,02;0,25;03/01/2016;7,57;0,22;1,87
04/07/2011;0,00;2,73;0,23;04/01/2016;11,98;0,12;2,20
05/07/2011;0,00;4,40;0,21;05/01/2016;1,08;0,20;1,91
06/07/2011;7,82;1,51;0,20;06/01/2016;1,84;0,17;1,74
07/07/2011;0,00;4,40;0,19;07/01/2016;10,86;0,20;1,95
08/07/2011;0,00;4,03;0,17;08/01/2016;0,17;0,40;2,06
09/07/2011;1,57;1,70;0,16;09/01/2016;0,00;0,14;2,10
10/07/2011;1,25;1,69;0,16;10/01/2016;10,75;0,43;2,51
11/07/2011;0,00;3,88;0,16;11/01/2016;19,33;0,18;2,94
12/07/2011;3,27;0,96;0,15;12/01/2016;3,73;0,27;4,18
13/07/2011;4,52;0,00;0,17;13/01/2016;18,41;0,14;6,79
14/07/2011;8,23;0,00;0,20;14/01/2016;8,70;0,19;8,77
15/07/2011;0,00;3,00;0,18;15/01/2016;6,95;0,08;7,99
16/07/2011;12,83;1,23;0,15;16/01/2016;2,47;0,16;6,39
17/07/2011;8,54;0,07;0,36;17/01/2016;0,75;0,21;5,18
18/07/2011;2,11;0,00;0,20;18/01/2016;0,00;0,43;4,24
19/07/2011;0,80;1,57;0,17;19/01/2016;0,00;0,81;3,57
20/07/2011;0,20;2,76;0,16;20/01/2016;0,00;0,21;3,10
21/07/2011;8,75;0,00;1,69;21/01/2016;0,00;0,20;2,72
22/07/2011;0,20;1,18;0,90;22/01/2016;4,57;0,57;2,38
23/07/2011;2,53;0,00;0,55;23/01/2016;0,00;0,18;2,54
24/07/2011;0,00;0,00;0,74;24/01/2016;1,30;0,25;2,56
25/07/2011;0,20;2,88;0,58;25/01/2016;0,00;1,17;2,79
26/07/2011;0,00;2,18;0,43;26/01/2016;0,00;0,31;2,98
27/07/2011;0,00;1,31;0,48;27/01/2016;3,42;0,70;3,09
28/07/2011;0,00;1,54;0,47;28/01/2016;7,57;0,44;3,22
29/07/2011;0,00;1,63;0,42;29/01/2016;1,30;0,27;2,86
30/07/2011;1,57;0,00;0,38;30/01/2016;26,85;0,21;4,22
31/07/2011;0,00;0,38;0,36;31/01/2016;10,96;0,25;6,35
01/08/2011;0,00;3,47;0,32;01/02/2016;3,94;0,43;7,95
02/08/2011;0,00;5,04;0,27;02/02/2016;14,54;0,34;8,83
03/08/2011;0,00;1,52;0,27;03/02/2016;3,42;0,44;9,19
04/08/2011;0,00;3,95;0,27;04/02/2016;11,37;0,20;8,95
05/08/2011;0,00;3,26;0,24;05/02/2016;0,52;0,22;7,90
06/08/2011;5,76;0,00;0,24;06/02/2016;0,00;0,94;7,23
07/08/2011;0,20;2,03;0,24;07/02/2016;3,31;0,80;6,38
08/08/2011;0,00;1,70;0,28;08/02/2016;16,48;0,82;6,41
09/08/2011;0,00;1,83;0,57;09/02/2016;17,50;0,36;6,91
10/08/2011;0,00;3,41;0,39;10/02/2016;9,32;0,23;8,59
11/08/2011;0,20;3,34;0,26;11/02/2016;0,17;0,38;8,78
12/08/2011;0,00;1,71;0,27;12/02/2016;0,00;0,34;7,97
13/08/2011;0,00;2,00;0,27;13/02/2016;5,19;0,18;7,10
14/08/2011;24,92;0,00;0,80;14/02/2016;2,37;0,15;6,19
15/08/2011;0,00;1,66;0,51;15/02/2016;3,42;0,09;5,11
16/08/2011;0,00;2,86;0,35;16/02/2016;0,00;0,77;4,27
17/08/2011;0,00;3,27;0,30;17/02/2016;0,17;0,64;3,96
18/08/2011;18,43;1,64;0,35;18/02/2016;0,00;0,64;3,67
19/08/2011;8,44;0,00;0,62;19/02/2016;1,73;0,63;3,26
20/08/2011;0,00;3,38;0,42;20/02/2016;31,21;0,32;3,92
21/08/2011;1,46;1,91;0,33;21/02/2016;6,85;0,43;7,88
22/08/2011;0,20;2,85;0,30;22/02/2016;15,05;0,35;10,06
23/08/2011;0,00;3,52;0,28;23/02/2016;8,19;0,35;10,86
24/08/2011;0,20;2,23;0,27;24/02/2016;1,08;0,90;10,62
25/08/2011;22,00;0,00;0,29;25/02/2016;2,26;0,68;9,07
26/08/2011;6,17;0,00;0,43;26/02/2016;0,17;0,44;7,54
27/08/2011;12,43;0,00;0,57;27/02/2016;0,00;1,30;6,20
28/08/2011;0,20;0,98;0,48;28/02/2016;0,00;0,79;5,10
29/08/2011;0,20;1,84;0,36;29/02/2016;0,00;1,26;4,22
30/08/2011;0,00;1,69;0,31;01/03/2016;9,32;0,74;3,64
31/08/2011;0,00;2,62;0,29;02/03/2016;8,91;0,69;3,76
01/09/2011;0,00;3,36;0,27;03/03/2016;8,39;0,36;3,55
02/09/2011;0,00;3,31;0,24;04/03/2016;7,88;0,21;3,52
03/09/2011;0,00;3,95;0,22;05/03/2016;7,67;0,44;3,59
04/09/2011;0,00;1,71;0,25;06/03/2016;17,80;0,27;3,63
05/09/2011;0,00;2,03;0,28;07/03/2016;0,75;0,86;3,59
06/09/2011;0,00;1,84;0,23;08/03/2016;0,00;0,51;3,53
07/09/2011;0,00;1,69;0,52;09/03/2016;0,00;1,26;3,54
08/09/2011;0,00;0,82;0,56;10/03/2016;0,00;1,66;3,37
09/09/2011;0,00;1,25;0,57;11/03/2016;0,00;0,81;3,15
10/09/2011;0,00;3,30;0,49;12/03/2016;0,00;1,64;3,04
11/09/2011;8,13;0,00;0,66;13/03/2016;0,00;1,27;3,03
12/09/2011;0,57;0,30;0,54;14/03/2016;0,00;1,57;3,19
13/09/2011;0,00;1,92;0,38;15/03/2016;0,00;1,06;3,43
14/09/2011;0,00;2,22;0,32;16/03/2016;0,00;1,05;3,49
15/09/2011;0,00;2,33;0,30;17/03/2016;0,00;2,24;3,38
16/09/2011;0,80;1,21;0,29;18/03/2016;0,00;2,30;3,22
17/09/2011;3,69;0,00;0,28;19/03/2016;0,00;0,27;3,05
18/09/2011;10,89;0,00;0,42;20/03/2016;0,86;0,45;2,84
19/09/2011;4,83;0,00;0,60;21/03/2016;3,00;0,61;2,75
20/09/2011;0,33;0,00;0,41;22/03/2016;0,64;0,85;2,63
21/09/2011;0,00;1,02;0,35;23/03/2016;2,16;0,83;2,61
22/09/2011;0,00;1,47;0,31;24/03/2016;0,52;0,63;2,46
23/09/2011;0,00;1,98;0,29;25/03/2016;7,77;0,43;2,45
24/09/2011;0,00;2,62;0,26;26/03/2016;0,00;1,82;2,21
25/09/2011;0,00;2,66;0,25;27/03/2016;4,15;1,70;2,18
26/09/2011;0,00;2,34;0,23;28/03/2016;18,72;0,77;2,55
27/09/2011;0,00;1,54;0,22;29/03/2016;4,26;1,41;3,47
28/09/2011;0,00;2,77;0,21;30/03/2016;7,77;1,50;4,48
29/09/2011;0,00;3,10;0,19;31/03/2016;18,72;0,22;6,06
30/09/2011;0,00;3,30;0,17;01/04/2016;0,52;1,17;11,50
01/10/2011;0,00;2,78;0,16;02/04/2016;0,00;2,19;11,64
02/10/2011;0,00;2,64;0,16;03/04/2016;0,17;2,20;8,86
03/10/2011;0,00;2,92;0,15;04/04/2016;0,00;1,79;6,93
04/10/2011;0,29;0,80;0,15;05/04/2016;7,88;0,69;5,79
05/10/2011;1,41;0,00;0,16;06/04/2016;3,11;1,80;4,69
06/10/2011;6,85;0,00;0,20;07/04/2016;0,41;1,79;3,98
07/10/2011;16,88;0,00;0,32;08/04/2016;1,41;1,47;3,42
08/10/2011;12,80;0,00;0,59;09/04/2016;0,00;2,94;3,00
09/10/2011;5,29;0,00;0,47;10/04/2016;0,00;3,05;2,67
10/10/2011;1,19;0,00;0,44;11/04/2016;1,19;3,85;2,38
11/10/2011;5,81;0,00;0,37;12/04/2016;2,68;2,38;2,27
12/10/2011;14,13;0,00;0,78;13/04/2016;4,57;1,09;2,09
13/10/2011;0,75;0,00;0,87;14/04/2016;1,30;2,48;1,89
14/10/2011;0,00;0,03;0,47;15/04/2016;4,98;2,30;1,88
15/10/2011;0,00;2,07;0,36;16/04/2016;1,41;1,61;1,73
16/10/2011;0,00;1,83;0,32;17/04/2016;0,52;1,68;1,56
17/10/2011;0,00;0,84;0,31;18/04/2016;0,00;2,60;1,38
18/10/2011;2,79;0,00;0,33;19/04/2016;0,00;1,58;1,28
19/10/2011;2,26;0,00;0,32;20/04/2016;0,00;3,64;1,19
20/10/2011;0,41;0,00;0,30;21/04/2016;0,00;4,39;1,14
21/10/2011;0,00;0,20;0,26;22/04/2016;0,97;2,91;1,11
22/10/2011;0,00;1,13;0,24;23/04/2016;5,29;1,01;1,26
23/10/2011;0,00;1,36;0,22;24/04/2016;10,24;0,91;1,18
24/10/2011;0,17;1,04;0,21;25/04/2016;21,57;0,68;1,44
25/10/2011;0,00;1,16;0,19;26/04/2016;7,05;0,89;2,10
26/10/2011;0,00;1,30;0,18;27/04/2016;11,27;0,73;2,42
27/10/2011;0,00;0,95;0,16;28/04/2016;0,97;2,10;3,21
28/10/2011;0,00;1,04;0,15;29/04/2016;5,29;1,77;4,05
29/10/2011;0,00;0,74;0,15;30/04/2016;6,17;0,55;4,37
30/10/2011;0,17;0,45;0,15;01/05/2016;1,14;2,45;4,03
31/10/2011;0,00;0,84;0,15;02/05/2016;0,00;4,26;3,62
01/11/2011;0,64;0,41;0,14;03/05/2016;2,85;2,23;3,44
02/11/2011;0,41;0,29;0,13;04/05/2016;0,00;4,22;2,96
03/11/2011;0,29;0,91;0,13;05/05/2016;0,00;4,82;2,74
04/11/2011;0,17;1,13;0,12;06/05/2016;0,00;5,30;2,50
05/11/2011;0,00;1,02;0,12;07/05/2016;0,00;5,50;2,24
06/11/2011;0,00;0,58;0,11;08/05/2016;0,00;5,90;1,98
07/11/2011;0,29;0,00;0,12;09/05/2016;0,00;4,89;1,76
08/11/2011;0,00;0,42;0,11;10/05/2016;5,56;1,71;1,75
09/11/2011;0,00;1,13;0,11;11/05/2016;0,00;3,95;1,55
10/11/2011;0,00;1,13;0,10;12/05/2016;0,00;2,78;1,40
11/11/2011;0,00;0,20;0,10;13/05/2016;0,00;4,09;1,27
12/11/2011;0,00;0,92;0,09;14/05/2016;0,00;2,02;1,14
13/11/2011;0,00;1,03;0,09;15/05/2016;1,14;1,49;1,05
14/11/2011;0,00;1,12;0,10;16/05/2016;0,46;1,79;0,98
15/11/2011;0,00;1,49;0,11;17/05/2016;0,00;2,30;0,91
16/11/2011;0,00;1,28;0,10;18/05/2016;2,32;2,08;0,87
17/11/2011;0,00;0,24;0,11;19/05/2016;1,25;2,33;0,84
18/11/2011;0,17;0,16;0,11;20/05/2016;0,00;2,16;0,77
19/11/2011;0,00;0,75;0,11;21/05/2016;0,00;3,59;0,71
20/11/2011;0,00;0,71;0,11;22/05/2016;9,77;1,73;0,73
21/11/2011;0,00;0,82;0,10;23/05/2016;17,62;0,95;0,87
22/11/2011;0,00;0,53;0,10;24/05/2016;1,57;1,02;0,95
23/11/2011;0,00;0,18;0,10;25/05/2016;0,00;1,33;0,73
24/11/2011;0,00;0,80;0,10;26/05/2016;0,20;3,08;0,65
25/11/2011;0,64;0,11;0,09;27/05/2016;2,95;3,05;1,27
26/11/2011;0,00;0,22;0,09;28/05/2016;10,49;3,04;0,91
27/11/2011;2,58;0,00;0,10;29/05/2016;1,35;1,59;0,89
28/11/2011;0,00;0,00;0,10;30/05/2016;24,21;0,61;4,79
29/11/2011;2,68;0,00;0,10;31/05/2016;0,00;1,55;8,71
30/11/2011;0,17;0,00;0,11;01/06/2016;18,94;0,77;8,01
01/12/2011;9,01;0,00;0,13;02/06/2016;38,57;2,33;9,03
02/12/2011;9,52;0,00;0,26;03/06/2016;5,35;2,04;13,53
03/12/2011;16,17;0,00;0,67;04/06/2016;0,69;2,38;13,34
04/12/2011;23,19;0,00;1,52;05/06/2016;0,20;4,11;10,65
05/12/2011;16,00;0,00;1,90;06/06/2016;1,03;3,41;7,99
06/12/2011;1,94;0,00;0,72;07/06/2016;21,58;1,70;8,50
07/12/2011;27,00;0,00;1,94;08/06/2016;6,17;2,70;10,96
08/12/2011;15,00;0,00;1,25;09/06/2016;0,00;5,07;9,94
09/12/2011;23,00;0,00;2,57;10/06/2016;0,00;5,07;7,64
10/12/2011;0,00;0,00;1,83;11/06/2016;5,97;2,02;6,02
11/12/2011;0,17;0,00;1,83;12/06/2016;6,38;2,44;4,80
12/12/2011;23,00;0,00;2,29;13/06/2016;14,67;2,15;4,32
13/12/2011;21,00;0,00;2,37;14/06/2016;5,24;2,52;3,65
14/12/2011;18,82;0,00;3,59;15/06/2016;3,69;2,17;4,54
15/12/2011;7,77;0,00;3,52;16/06/2016;7,31;2,28;4,36
16/12/2011;54,00;0,00;8,46;17/06/2016;14,16;1,82;6,38
17/12/2011;4,36;0,00;8,62;18/06/2016;4,21;2,07;5,98
18/12/2011;3,63;0,00;7,73;19/06/2016;2,85;2,71;6,02
19/12/2011;2,37;0,00;6,59;20/06/2016;15,28;2,56;5,96
20/12/2011;30,00;0,00;6,66;21/06/2016;1,14;1,88;5,37
21/12/2011;2,26;0,00;6,83;22/06/2016;0,00;2,41;4,65
22/12/2011;9,93;0,00;9,78;23/06/2016;0,00;6,53;4,08
23/12/2011;5,40;0,00;12,94;24/06/2016;1,79;2,58;3,98
24/12/2011;25,00;0,00;17,00;25/06/2016;17,11;0,84;4,91
25/12/2011;13,00;0,00;15,79;26/06/2016;0,00;2,71;3,68
26/12/2011;1,30;0,00;14,32;27/06/2016;6,28;1,53;3,63
27/12/2011;0,00;0,00;12,92;28/06/2016;1,14;3,40;3,31
28/12/2011;11,00;0,00;11,42;29/06/2016;1,35;4,15;2,98
29/12/2011;21,00;0,00;10,30;30/06/2016;6,07;2,06;2,89
30/12/2011;5,61;0,00;9,93;01/07/2016;6,07;1,77;2,80
31/12/2011;11,88;0,00;10,02;02/07/2016;6,79;2,74;2,96
01/01/2012;15,97;0,00;11,92;03/07/2016;0,57;2,55;2,50
02/01/2012;18,51;0,00;14,95;04/07/2016;0,80;2,36;2,33
03/01/2012;15,15;0,00;14,68;05/07/2016;1,25;2,18;2,17
04/01/2012;6,33;0,00;12,44;06/07/2016;0,00;3,86;1,95
05/01/2012;34,05;0,00;19,24;07/07/2016;0,00;4,91;1,75
06/01/2012;9,21;0,00;20,13;08/07/2016;0,00;3,42;1,62
07/01/2012;14,54;0,00;19,25;09/07/2016;0,00;4,38;1,46
08/01/2012;7,16;0,00;17,30;10/07/2016;0,00;5,53;1,29
09/01/2012;4,36;0,00;14,54;11/07/2016;0,00;3,05;1,21
10/01/2012;0,00;0,00;11,88;12/07/2016;2,74;2,71;1,39
11/01/2012;0,00;0,00;9,78;13/07/2016;9,77;1,90;1,47
12/01/2012;4,26;0,00;8,47;14/07/2016;11,92;1,98;1,54
13/01/2012;0,86;0,00;7,33;15/07/2016;0,00;2,61;1,25
14/01/2012;0,00;0,00;6,40;16/07/2016;0,00;2,19;1,08
15/01/2012;0,00;0,00;5,71;17/07/2016;0,00;2,75;0,98
16/01/2012;0,00;0,00;5,09;18/07/2016;0,00;4,18;0,85
17/01/2012;0,00;0,49;4,61;19/07/2016;0,00;6,58;0,74
18/01/2012;4,46;0,00;4,24;20/07/2016;0,00;7,12;0,65
19/01/2012;51,00;0,00;7,97;21/07/2016;0,91;3,01;5,47
20/01/2012;10,24;0,00;7,61;22/07/2016;13,85;2,45;4,82
21/01/2012;20,25;0,00;11,04;23/07/2016;17,62;1,55;5,55
22/01/2012;3,73;0,00;12,06;24/07/2016;0,00;3,78;4,69
23/01/2012;8,49;0,00;11,19;25/07/2016;0,00;2,91;4,31
24/01/2012;1,08;0,00;9,51;26/07/2016;0,57;1,62;4,53
25/01/2012;0,00;0,00;8,16;27/07/2016;0,00;3,44;3,63
26/01/2012;2,37;0,00;7,23;28/07/2016;11,41;1,98;3,79
27/01/2012;0,00;0,00;6,32;29/07/2016;12,12;2,48;3,82
28/01/2012;0,00;0,00;5,64;30/07/2016;0,00;3,11;3,13
29/01/2012;0,00;0,00;5,10;31/07/2016;1,25;2,36;2,97
30/01/2012;5,19;0,00;4,67;01/08/2016;0,20;3,21;2,77
31/01/2012;0,41;0,00;4,27;02/08/2016;31,90;1,16;4,71
01/02/2012;0,00;0,00;3,78;03/08/2016;19,55;0,94;5,71
02/02/2012;0,00;0,00;3,34;04/08/2016;0,80;1,51;5,10
03/02/2012;0,00;0,00;2,98;05/08/2016;3,79;2,47;5,06
04/02/2012;0,00;0,00;2,49;06/08/2016;0,00;3,62;4,56
05/02/2012;0,00;0,70;2,04;07/08/2016;0,00;4,75;4,03
06/02/2012;0,00;0,76;1,66;08/08/2016;0,33;1,60;3,76
07/02/2012;0,52;0,00;1,41;09/08/2016;0,80;2,10;3,42
08/02/2012;0,00;0,42;1,27;10/08/2016;4,00;1,55;3,18
09/02/2012;0,29;0,01;1,29;11/08/2016;7,92;1,86;3,17
10/02/2012;0,00;0,59;1,34;12/08/2016;0,33;2,20;3,00
11/02/2012;0,00;0,55;1,16;13/08/2016;0,00;4,67;2,54
12/02/2012;0,00;0,78;1,06;14/08/2016;0,00;2,80;2,34
13/02/2012;2,05;0,00;1,04;15/08/2016;0,00;4,09;2,16
14/02/2012;9,11;0,00;1,10;16/08/2016;0,00;4,25;1,99
15/02/2012;7,16;0,00;1,34;17/08/2016;0,00;4,81;1,80
16/02/2012;2,26;0,00;1,28;18/08/2016;1,89;1,94;1,77
17/02/2012;0,86;0,00;1,51;19/08/2016;0,57;2,70;1,67
18/02/2012;7,67;0,00;1,87;20/08/2016;0,57;2,48;1,52
19/02/2012;8,19;0,00;1,93;21/08/2016;4,10;1,48;1,56
20/02/2012;0,00;0,00;1,19;22/08/2016;1,25;2,46;1,39
21/02/2012;0,00;0,00;1,10;23/08/2016;0,00;5,00;1,19
22/02/2012;0,00;0,77;1,09;24/08/2016;0,00;6,38;1,02
23/02/2012;3,73;0,00;1,39;25/08/2016;0,00;6,04;0,91
24/02/2012;1,30;0,00;1,89;26/08/2016;0,00;4,80;0,83
25/02/2012;0,86;0,00;1,98;27/08/2016;3,27;5,51;0,75
26/02/2012;17,00;0,00;1,82;28/08/2016;0,00;4,53;0,69
27/02/2012;0,00;0,00;1,99;29/08/2016;2,42;1,25;0,77
28/02/2012;0,41;0,00;2,30;30/08/2016;0,20;3,80;0,70
29/02/2012;0,00;0,00;2,51;31/08/2016;0,00;3,79;0,61
01/03/2012;0,00;0,77;2,57;01/09/2016;0,00;3,06;0,57
02/03/2012;0,00;0,55;2,62;02/09/2016;0,00;3,32;0,53
03/03/2012;0,17;0,30;2,67;03/09/2016;0,00;3,37;0,50
04/03/2012;14,00;0,00;2,85;04/09/2016;10,69;1,53;0,94
05/03/2012;2,89;0,00;2,97;05/09/2016;0,00;2,14;0,73
06/03/2012;1,51;0,00;2,73;06/09/2016;0,00;3,88;0,55
07/03/2012;13,21;0,00;2,69;07/09/2016;0,00;4,04;0,48
08/03/2012;0,17;0,00;3,09;08/09/2016;0,00;4,01;0,43
09/03/2012;0,00;0,00;2,79;09/09/2016;0,00;3,81;0,39
10/03/2012;2,05;0,00;2,78;10/09/2016;0,00;3,88;0,35
11/03/2012;0,86;0,00;2,75;11/09/2016;0,00;2,65;0,34
12/03/2012;0,00;0,00;2,68;12/09/2016;0,00;4,71;0,31
13/03/2012;0,00;0,00;2,66;13/09/2016;0,00;5,18;0,28
14/03/2012;0,00;1,28;2,59;14/09/2016;0,00;5,15;0,25
15/03/2012;0,00;3,52;2,45;15/09/2016;0,00;3,27;0,24
16/03/2012;0,00;3,77;2,31;16/09/2016;0,00;1,59;0,23
17/03/2012;0,00;1,89;2,22;17/09/2016;0,91;1,62;0,24
18/03/2012;4,26;0,00;2,23;18/09/2016;0,46;0,50;0,27
19/03/2012;0,00;0,00;2,07;19/09/2016;0,00;1,03;0,25
20/03/2012;0,00;2,03;1,92;20/09/2016;0,46;0,74;0,25
21/03/2012;0,00;2,61;1,81;21/09/2016;0,00;2,56;0,22
22/03/2012;0,00;3,29;1,68;22/09/2016;0,00;2,19;0,22
23/03/2012;0,00;2,95;1,56;23/09/2016;0,00;1,91;0,62
24/03/2012;0,00;2,81;1,45;24/09/2016;0,00;3,11;0,60
25/03/2012;0,00;2,93;1,35;25/09/2016;0,00;3,02;0,61
26/03/2012;0,00;3,26;1,22;26/09/2016;0,00;2,37;0,60
27/03/2012;0,00;2,88;1,13;27/09/2016;0,00;2,82;0,57
28/03/2012;0,00;3,12;1,06;28/09/2016;0,00;2,14;0,58
29/03/2012;0,00;1,99;1,00;29/09/2016;0,91;2,13;0,57
30/03/2012;0,97;0,00;1,01;30/09/2016;0,64;1,44;0,56
31/03/2012;0,64;0,00;1,05;01/10/2016;3,63;1,06;0,69
01/04/2012;0,00;1,66;0,98;02/10/2016;5,71;0,72;0,70
02/04/2012;0,00;2,27;0,89;03/10/2016;4,26;0,48;0,74
03/04/2012;0,86;2,09;0,80;04/10/2016;0,00;0,44;0,82
04/04/2012;0,00;0,78;0,80;05/10/2016;0,00;1,48;0,92
05/04/2012;0,00;0,41;0,76;06/10/2016;0,17;0,48;0,90
06/04/2012;0,00;2,21;0,71;07/10/2016;0,64;0,42;0,94
07/04/2012;2,47;0,00;0,69;08/10/2016;0,75;0,75;0,97
08/04/2012;0,17;0,22;0,64;09/10/2016;0,00;0,93;0,91
09/04/2012;17,09;0,00;0,90;10/10/2016;2,47;0,48;0,74
10/04/2012;6,43;0,00;1,13;11/10/2016;0,00;1,39;0,41
11/04/2012;0,17;0,07;0,95;12/10/2016;0,64;0,33;0,20
12/04/2012;2,68;0,00;0,73;13/10/2016;0,00;1,09;0,19
13/04/2012;0,00;0,02;0,66;14/10/2016;1,51;0,66;0,19
14/04/2012;0,00;1,34;0,68;15/10/2016;2,89;0,88;0,20
15/04/2012;2,37;0,00;0,78;16/10/2016;0,00;1,87;0,18
16/04/2012;0,00;0,00;0,60;17/10/2016;0,00;0,63;0,17
17/04/2012;3,52;0,00;0,53;18/10/2016;4,98;0,69;0,20
18/04/2012;2,58;0,00;0,55;19/10/2016;11,78;0,26;0,61
19/04/2012;7,36;0,00;0,62;20/10/2016;16,78;0,22;1,34
20/04/2012;0,75;0,02;0,55;21/10/2016;2,37;0,36;0,88
21/04/2012;10,24;0,00;0,79;22/10/2016;1,51;0,35;0,78
22/04/2012;7,77;0,00;0,81;23/10/2016;0,75;0,63;0,56
23/04/2012;1,73;0,00;0,67;24/10/2016;9,11;0,24;0,78
24/04/2012;5,09;0,00;0,87;25/10/2016;0,41;0,41;0,84
25/04/2012;9,01;0,00;0,89;26/10/2016;0,00;0,86;0,57
26/04/2012;7,16;0,00;1,71;27/10/2016;0,00;0,53;0,48
27/04/2012;7,47;0,00;1,07;28/10/2016;0,75;0,47;0,44
28/04/2012;0,52;2,98;1,70;29/10/2016;0,17;0,55;0,41
29/04/2012;0,00;2,92;1,19;30/10/2016;0,00;1,26;0,35
30/04/2012;0,00;3,12;1,11;31/10/2016;0,00;1,11;0,31
01/05/2012;0,57;2,57;1,09;01/11/2016;0,29;1,04;0,28
02/05/2012;9,26;0,00;1,26;02/11/2016;6,23;0,25;0,36
03/05/2012;0,00;0,00;1,26;03/11/2016;0,00;0,61;0,32
04/05/2012;14,36;0,14;1,10;04/11/2016;0,64;0,54;0,28
05/05/2012;9,05;0,00;1,85;05/11/2016;1,73;0,29;0,27
06/05/2012;8,03;0,00;1,85;06/11/2016;1,08;0,26;0,25
07/05/2012;0,00;0,00;1,50;07/11/2016;3,11;0,18;0,31
08/05/2012;0,20;3,01;1,29;08/11/2016;2,47;0,30;0,34
09/05/2012;4,10;0,00;2,05;09/11/2016;12,90;0,12;0,32
10/05/2012;0,20;2,69;2,21;10/11/2016;8,49;0,18;0,82
11/05/2012;2,53;0,00;1,87;11/11/2016;5,19;0,05;1,53
12/05/2012;0,00;1,14;1,90;12/11/2016;0,00;0,14;0,86
13/05/2012;0,00;3,26;1,84;13/11/2016;1,73;0,22;0,75
14/05/2012;0,00;4,23;1,73;14/11/2016;0,41;0,35;0,71
15/05/2012;9,05;0,00;1,75;15/11/2016;4,88;0,15;0,77
16/05/2012;3,06;0,00;1,91;16/11/2016;18,21;0,22;2,01
17/05/2012;0,00;3,32;1,61;17/11/2016;10,75;0,30;2,02
18/05/2012;1,89;0,19;1,49;18/11/2016;12,60;0,36;3,50
19/05/2012;0,00;2,96;1,39;19/11/2016;0,41;0,36;2,68
20/05/2012;22,79;0,00;1,53;20/11/2016;4,15;0,45;2,53
21/05/2012;0,33;1,91;1,55;21/11/2016;5,71;0,34;2,65
22/05/2012;0,00;4,27;1,27;22/11/2016;0,52;0,47;2,37
23/05/2012;0,00;4,15;1,11;23/11/2016;0,29;0,60;2,06
24/05/2012;0,00;4,93;1,00;24/11/2016;0,00;0,44;1,92
25/05/2012;0,00;5,67;0,90;25/11/2016;0,00;0,14;1,78
26/05/2012;0,00;5,78;0,82;26/11/2016;0,00;0,14;1,65
27/05/2012;0,00;4,37;0,75;27/11/2016;0,29;0,10;1,52
28/05/2012;0,00;5,64;0,73;28/11/2016;0,00;0,29;1,37
29/05/2012;4,41;2,11;1,08;29/11/2016;0,00;0,62;1,17
30/05/2012;0,00;3,78;1,19;30/11/2016;0,00;0,94;1,08
31/05/2012;5,56;0,00;0,87;01/12/2016;0,41;0,05;1,11
01/06/2012;1,35;0,99;0,85;02/12/2016;5,29;0,04;1,30
02/06/2012;0,20;2,35;0,75;03/12/2016;0,00;0,29;1,13
03/06/2012;9,56;0,00;0,86;04/12/2016;0,00;0,84;0,93
04/06/2012;9,15;0,00;1,17;05/12/2016;0,00;0,63;0,74
05/06/2012;0,00;2,76;1,11;06/12/2016;0,00;0,69;0,57
06/06/2012;11,61;0,00;1,34;07/12/2016;0,00;0,77;0,61
07/06/2012;0,57;1,34;1,02;08/12/2016;0,00;0,99;0,62
08/06/2012;10,08;0,81;0,86;09/12/2016;0,75;0,53;0,66
09/06/2012;0,00;2,81;0,75;10/12/2016;0,00;0,54;0,63
10/06/2012;0,00;2,50;0,65;11/12/2016;3,21;0,16;0,74
11/06/2012;13,24;0,00;0,87;12/12/2016;1,19;0,21;0,65
12/06/2012;0,91;0,74;0,91;13/12/2016;2,58;0,10;0,69
13/06/2012;4,41;0,00;1,30;14/12/2016;0,00;0,38;0,63
14/06/2012;0,57;0,00;1,04;15/12/2016;0,00;0,06;0,55
15/06/2012;6,90;0,00;1,00;16/12/2016;0,17;0,34;0,52
16/06/2012;5,87;0,00;1,30;17/12/2016;1,84;0,21;0,54
17/06/2012;0,00;3,38;1,13;18/12/2016;0,17;0,05;0,52
18/06/2012;0,46;2,53;0,93;19/12/2016;0,00;0,15;0,49
19/06/2012;1,79;0,00;0,93;20/12/2016;0,00;0,64;0,43
20/06/2012;6,90;0,00;1,42;21/12/2016;0,00;0,25;0,41
21/06/2012;10,79;0,55;1,36;22/12/2016;5,19;0,04;0,67
22/06/2012;0,00;3,53;1,38;23/12/2016;0,00;0,19;0,59
23/06/2012;0,00;3,60;1,05;24/12/2016;4,88;0,28;0,84
24/06/2012;15,38;0,00;1,49;25/12/2016;1,84;0,11;0,70
25/06/2012;0,91;0,06;1,60;26/12/2016;5,71;0,18;1,02
26/06/2012;0,00;3,72;1,25;27/12/2016;0,00;0,12;0,73
27/06/2012;1,03;1,03;1,19;28/12/2016;0,00;0,11;0,61
28/06/2012;2,95;2,72;1,12;29/12/2016;0,00;0,61;0,51
29/06/2012;5,56;0,00;1,45;30/12/2016;0,00;1,12;0,46
30/06/2012;0,20;2,82;1,29;31/12/2016;0,00;1,38;0,45
01/07/2012;0,00;3,04;1,07;01/01/2017;15,97;0,00;13,12
02/07/2012;0,00;2,85;0,95;02/01/2017;18,51;0,00;16,44
03/07/2012;0,00;3,85;0,87;03/01/2017;15,15;0,00;16,14
04/07/2012;0,00;4,29;0,80;04/01/2017;6,33;0,00;13,69
05/07/2012;6,90;0,29;0,77;05/01/2017;34,05;0,00;21,16
06/07/2012;4,93;0,74;0,82;06/01/2017;9,21;0,00;22,14
07/07/2012;2,32;1,54;0,69;07/01/2017;14,54;0,00;21,17
08/07/2012;10,08;0,00;0,81;08/01/2017;7,16;0,00;19,03
09/07/2012;0,20;2,29;0,69;09/01/2017;4,36;0,00;15,99
10/07/2012;0,33;2,95;0,61;10/01/2017;0,00;0,00;13,07
11/07/2012;5,76;0,00;0,63;11/01/2017;0,00;0,00;10,76
12/07/2012;3,58;0,51;0,63;12/01/2017;4,26;0,00;9,32
13/07/2012;15,58;0,00;1,63;13/01/2017;0,86;0,00;8,06
14/07/2012;19,04;0,00;2,85;14/01/2017;0,00;0,00;7,04
15/07/2012;9,36;0,00;2,02;15/01/2017;0,00;0,00;6,29
16/07/2012;5,76;0,05;1,77;16/01/2017;0,00;0,00;5,60
17/07/2012;9,46;0,00;2,44;17/01/2017;0,00;0,49;5,07
18/07/2012;0,00;2,85;2,12;18/01/2017;4,46;0,00;4,67
19/07/2012;0,33;2,33;1,96;19/01/2017;51,00;0,00;8,77
20/07/2012;0,57;1,35;1,91;20/01/2017;10,24;0,00;8,37
21/07/2012;0,00;2,25;1,80;21/01/2017;20,25;0,00;12,14
22/07/2012;0,00;4,03;1,63;22/01/2017;3,73;0,00;13,26
23/07/2012;0,00;5,54;1,43;23/01/2017;8,49;0,00;12,31
24/07/2012;0,00;4,96;1,28;24/01/2017;1,08;0,00;10,46
25/07/2012;0,00;4,56;1,17;25/01/2017;0,00;0,00;8,97
26/07/2012;0,00;4,20;1,07;26/01/2017;2,37;0,00;7,95
27/07/2012;14,97;1,72;1,09;27/01/2017;0,00;0,00;6,96
28/07/2012;11,10;0,00;2,21;28/01/2017;0,00;0,00;6,21
29/07/2012;0,00;3,15;1,79;29/01/2017;0,00;0,00;5,61
30/07/2012;5,45;0,57;1,38;30/01/2017;5,19;0,00;5,13
31/07/2012;0,00;2,90;1,10;31/01/2017;0,41;0,00;4,70
01/08/2012;0,00;5,47;0,97;01/02/2017;0,00;0,00;4,16
02/08/2012;4,31;0,51;0,92;02/02/2017;0,00;0,00;3,67
03/08/2012;0,20;2,98;0,85;03/02/2017;0,00;0,00;3,27
04/08/2012;0,46;3,68;0,77;04/02/2017;0,00;0,00;2,74
05/08/2012;21,98;0,56;1,64;05/02/2017;0,00;0,70;2,24
06/08/2012;0,20;2,53;2,27;06/02/2017;0,00;0,76;1,82
07/08/2012;0,00;2,62;1,27;07/02/2017;0,52;0,00;1,55
08/08/2012;0,33;1,96;1,14;08/02/2017;0,00;0,42;1,39
09/08/2012;0,20;2,90;1,08;09/02/2017;0,29;0,01;1,42
10/08/2012;0,20;3,65;0,99;10/02/2017;0,00;0,59;1,47
11/08/2012;0,57;3,55;0,90;11/02/2017;0,00;0,55;1,27
12/08/2012;0,00;4,18;0,82;12/02/2017;0,00;0,78;1,17
13/08/2012;0,00;2,86;0,75;13/02/2017;2,05;0,00;1,14
14/08/2012;10,38;0,57;0,71;14/02/2017;9,11;0,00;1,21
15/08/2012;0,33;4,20;0,64;15/02/2017;7,16;0,00;1,47
16/08/2012;0,20;3,90;0,58;16/02/2017;2,26;0,00;1,41
17/08/2012;0,00;4,75;0,51;17/02/2017;0,86;0,00;1,66
18/08/2012;0,00;5,95;0,46;18/02/2017;7,67;0,00;2,06
19/08/2012;0,00;5,80;0,41;19/02/2017;8,19;0,00;2,12
20/08/2012;4,21;0,23;0,42;20/02/2017;0,00;0,00;1,31
21/08/2012;0,20;3,13;0,40;21/02/2017;0,00;0,00;1,22
22/08/2012;0,69;2,58;0,36;22/02/2017;0,00;0,77;1,20
23/08/2012;0,20;3,79;0,32;23/02/2017;3,73;0,00;1,53
24/08/2012;8,54;0,23;0,34;24/02/2017;1,30;0,00;2,08
25/08/2012;0,80;1,75;0,35;25/02/2017;0,86;0,00;2,18
26/08/2012;21,98;0,00;0,75;26/02/2017;17,00;0,00;2,00
27/08/2012;0,00;1,74;0,65;27/02/2017;0,00;0,00;2,19
28/08/2012;1,79;1,01;0,40;28/02/2017;0,41;0,00;2,53
29/08/2012;0,00;3,31;0,35;01/03/2017;0,00;0,00;2,76
30/08/2012;3,37;0,00;0,31;02/03/2017;0,00;0,77;2,83
31/08/2012;25,73;0,00;0,79;03/03/2017;0,00;0,55;2,88
01/09/2012;0,00;0,91;0,62;04/03/2017;0,17;0,30;2,94
02/09/2012;0,00;2,95;0,43;05/03/2017;14,00;0,00;3,13
03/09/2012;0,00;1,36;0,39;06/03/2017;2,89;0,00;3,27
04/09/2012;0,00;3,42;0,35;07/03/2017;1,51;0,00;3,00
05/09/2012;0,20;1,67;0,31;08/03/2017;13,21;0,00;2,96
06/09/2012;0,00;2,42;0,27;09/03/2017;0,17;0,00;3,40
07/09/2012;0,00;3,76;0,24;10/03/2017;0,00;0,00;3,07
08/09/2012;0,00;3,85;0,21;11/03/2017;2,05;0,00;3,06
09/09/2012;0,00;4,47;0,20;12/03/2017;0,86;0,00;3,03
10/09/2012;0,00;3,48;0,20;13/03/2017;0,00;0,00;2,95
11/09/2012;5,04;0,00;0,22;14/03/2017;0,00;0,00;2,93
12/09/2012;0,91;0,00;0,21;15/03/2017;0,00;1,28;2,85
13/09/2012;0,33;0,04;0,21;16/03/2017;0,00;3,52;2,70
14/09/2012;3,69;0,00;0,24;17/03/2017;0,00;3,77;2,54
15/09/2012;0,00;0,03;0,24;18/03/2017;0,00;1,89;2,44
16/09/2012;0,00;2,84;0,20;19/03/2017;4,26;0,00;2,45
17/09/2012;0,00;2,37;0,19;20/03/2017;0,00;0,00;2,28
18/09/2012;0,00;1,14;0,18;21/03/2017;0,00;2,03;2,12
19/09/2012;0,46;1,29;0,17;22/03/2017;0,00;2,61;1,99
20/09/2012;0,00;1,97;0,16;23/03/2017;0,00;3,29;1,85
21/09/2012;0,00;1,90;0,15;24/03/2017;0,00;2,95;1,72
22/09/2012;0,91;0,59;0,15;25/03/2017;0,00;2,81;1,60
23/09/2012;0,00;1,87;0,13;26/03/2017;0,00;2,93;1,48
24/09/2012;5,35;0,00;0,18;27/03/2017;0,00;3,26;1,34
25/09/2012;9,36;0,00;0,31;28/03/2017;0,00;2,88;1,25
26/09/2012;8,95;0,00;0,33;29/03/2017;0,00;3,12;1,17
27/09/2012;8,95;0,00;0,40;30/03/2017;0,00;1,99;1,10
28/09/2012;0,00;0,00;0,31;31/03/2017;0,97;0,00;1,11
29/09/2012;0,00;0,88;0,23;01/04/2017;0,64;0,00;1,16
30/09/2012;0,00;2,21;0,19;02/04/2017;0,00;1,66;1,08
01/10/2012;0,00;2,46;0,17;03/04/2017;0,00;2,27;0,98
02/10/2012;2,16;0,00;0,17;04/04/2017;0,86;2,09;0,88
03/10/2012;33,44;0,00;1,15;05/04/2017;0,00;0,78;0,88
04/10/2012;27,26;0,00;3,57;06/04/2017;0,00;0,41;0,84
05/10/2012;20,25;0,00;1,64;07/04/2017;0,00;2,21;0,78
06/10/2012;20,25;0,00;2,15;08/04/2017;2,47;0,00;0,76
07/10/2012;1,84;0,00;3,30;09/04/2017;0,17;0,22;0,71
08/10/2012;7,47;0,00;2,32;10/04/2017;17,09;0,00;0,99
09/10/2012;0,52;0,00;2,60;11/04/2017;6,43;0,00;1,24
10/10/2012;0,00;0,43;2,20;12/04/2017;0,17;0,07;1,05
11/10/2012;2,47;0,00;2,00;13/04/2017;2,68;0,00;0,80
12/10/2012;6,74;0,00;2,12;14/04/2017;0,00;0,02;0,72
13/10/2012;10,86;0,00;2,35;15/04/2017;0,00;1,34;0,75
14/10/2012;5,71;0,00;2,38;16/04/2017;2,37;0,00;0,86
15/10/2012;1,62;0,00;2,69;17/04/2017;0,00;0,00;0,66
16/10/2012;2,47;0,00;2,29;18/04/2017;3,52;0,00;0,59
17/10/2012;0,29;0,00;2,34;19/04/2017;2,58;0,00;0,60
18/10/2012;0,00;0,32;2,24;20/04/2017;7,36;0,00;0,68
19/10/2012;0,00;2,65;2,05;21/04/2017;0,75;0,02;0,60
20/10/2012;0,00;1,41;1,95;22/04/2017;10,24;0,00;0,87
21/10/2012;0,00;1,63;1,88;23/04/2017;7,77;0,00;0,89
22/10/2012;0,00;1,36;1,74;24/04/2017;1,73;0,00;0,74
23/10/2012;0,00;1,70;1,57;25/04/2017;5,09;0,00;0,96
24/10/2012;0,00;1,52;1,47;26/04/2017;9,01;0,00;0,98
25/10/2012;1,94;0,00;1,46;27/04/2017;7,16;0,00;1,89
26/10/2012;18,51;0,00;2,50;28/04/2017;7,47;0,00;1,18
27/10/2012;0,00;0,00;2,05;29/04/2017;0,52;2,98;1,87
28/10/2012;0,00;0,00;1,56;30/04/2017;0,00;2,92;1,31
29/10/2012;7,57;0,00;1,46;01/05/2017;0,00;3,12;1,23
30/10/2012;12,49;0,00;2,63;02/05/2017;0,57;2,57;1,19
31/10/2012;0,00;0,00;1,87;03/05/2017;9,26;0,00;1,39
01/11/2012;10,65;0,00;2,13;04/05/2017;0,00;0,00;1,39
02/11/2012;5,81;0,00;2,42;05/05/2017;14,36;0,14;1,21
03/11/2012;13,31;0,00;3,22;06/05/2017;9,05;0,00;2,04
04/11/2012;5,81;0,00;3,36;07/05/2017;8,03;0,00;2,03
05/11/2012;2,79;0,00;3,70;08/05/2017;0,00;0,00;1,65
06/11/2012;2,37;0,00;3,79;09/05/2017;0,20;3,01;1,42
07/11/2012;5,50;0,00;4,11;10/05/2017;4,10;0,00;2,25
08/11/2012;0,00;0,00;3,74;11/05/2017;0,20;2,69;2,43
09/11/2012;0,00;0,00;3,56;12/05/2017;2,53;0,00;2,06
10/11/2012;3,63;0,00;3,51;13/05/2017;0,00;1,14;2,09
11/11/2012;0,29;0,00;3,37;14/05/2017;0,00;3,26;2,02
12/11/2012;0,00;0,00;3,11;15/05/2017;0,00;4,23;1,91
13/11/2012;0,00;0,00;2,91;16/05/2017;9,05;0,00;1,93
14/11/2012;0,00;0,19;2,77;17/05/2017;3,06;0,00;2,10
15/11/2012;0,00;0,14;2,64;18/05/2017;0,00;3,32;1,78
16/11/2012;0,00;0,82;2,51;19/05/2017;1,89;0,19;1,64
17/11/2012;0,00;0,62;2,35;20/05/2017;0,00;2,96;1,53
18/11/2012;1,62;0,00;2,31;21/05/2017;22,79;0,00;1,68
19/11/2012;0,00;0,00;2,22;22/05/2017;0,33;1,91;1,71
20/11/2012;0,00;0,00;2,09;23/05/2017;0,00;4,27;1,40
21/11/2012;0,41;0,00;1,95;24/05/2017;0,00;4,15;1,22
22/11/2012;0,00;0,33;1,85;25/05/2017;0,00;4,93;1,10
23/11/2012;9,42;0,00;1,90;26/05/2017;0,00;5,67;0,99
24/11/2012;2,68;0,00;2,14;27/05/2017;0,00;5,78;0,90
25/11/2012;0,29;0,00;1,78;28/05/2017;0,00;4,37;0,83
26/11/2012;4,26;0,00;1,82;29/05/2017;0,00;5,64;0,81
27/11/2012;0,17;0,00;1,77;30/05/2017;4,41;2,11;1,18
28/11/2012;0,29;0,00;1,56;31/05/2017;0,00;3,78;1,31
29/11/2012;1,41;0,00;1,51;01/06/2017;5,56;0,00;0,96
30/11/2012;0,13;0,00;1,45;02/06/2017;1,35;0,99;0,94
01/12/2012;2,14;0,00;1,37;03/06/2017;0,20;2,35;0,83
02/12/2012;12,06;0,00;1,37;04/06/2017;9,56;0,00;0,94
03/12/2012;9,94;0,00;1,42;05/06/2017;9,15;0,00;1,28
04/12/2012;1,08;0,00;2,02;06/06/2017;0,00;2,76;1,22
05/12/2012;4,99;0,00;1,66;07/06/2017;11,61;0,00;1,47
06/12/2012;1,68;0,00;1,45;08/06/2017;0,57;1,34;1,12
07/12/2012;7,03;0,00;1,40;09/06/2017;10,08;0,81;0,95
08/12/2012;0,00;0,00;1,32;10/06/2017;0,00;2,81;0,83
09/12/2012;17,05;0,00;1,40;11/06/2017;0,00;2,50;0,71
10/12/2012;7,59;0,00;1,75;12/06/2017;13,24;0,00;0,96
11/12/2012;0,97;0,00;1,53;13/06/2017;0,91;0,74;1,00
12/12/2012;0,00;0,00;1,46;14/06/2017;4,41;0,00;1,43
13/12/2012;0,13;0,00;1,43;15/06/2017;0,57;0,00;1,14
14/12/2012;6,02;0,00;2,66;16/06/2017;6,90;0,00;1,10
15/12/2012;8,80;0,00;4,43;17/06/2017;5,87;0,00;1,43
16/12/2012;10,55;0,00;7,36;18/06/2017;0,00;3,38;1,25
17/12/2012;11,06;0,00;10,64;19/06/2017;0,46;2,53;1,03
18/12/2012;0,17;0,00;11,51;20/06/2017;1,79;0,00;1,02
19/12/2012;0,29;0,00;10,73;21/06/2017;6,90;0,00;1,57
20/12/2012;5,79;0,00;9,39;22/06/2017;10,79;0,55;1,50
21/12/2012;5,61;0,00;8,38;23/06/2017;0,00;3,53;1,51
22/12/2012;23,40;0,00;8,28;24/06/2017;0,00;3,60;1,15
23/12/2012;27,97;0,00;14,89;25/06/2017;15,38;0,00;1,64
24/12/2012;0,52;0,00;17,18;26/06/2017;0,91;0,06;1,77
25/12/2012;17,09;0,00;15,83;27/06/2017;0,00;3,72;1,38
26/12/2012;18,72;0,00;14,87;28/06/2017;1,03;1,03;1,31
27/12/2012;15,86;0,00;15,06;29/06/2017;2,95;2,72;1,24
28/12/2012;6,95;0,00;14,79;30/06/2017;5,56;0,00;1,59
29/12/2012;3,42;0,00;13,34;01/07/2017;0,20;2,82;1,42
30/12/2012;5,19;0,00;11,44;02/07/2017;0,00;3,04;1,18
31/12/2012;0,75;0,00;9,58;03/07/2017;0,00;2,85;1,04
01/01/2013;16,78;0,00;9,09;04/07/2017;0,00;3,85;0,95
02/01/2013;1,51;0,00;7,60;05/07/2017;0,00;4,29;0,88
03/01/2013;14,00;0,00;7,07;06/07/2017;6,90;0,29;0,85
04/01/2013;1,41;0,00;6,66;07/07/2017;4,93;0,74;0,90
05/01/2013;0,52;0,00;6,21;08/07/2017;2,32;1,54;0,76
06/01/2013;0,00;0,00;5,77;09/07/2017;10,08;0,00;0,89
07/01/2013;0,00;0,00;5,40;10/07/2017;0,20;2,29;0,76
08/01/2013;0,00;0,00;5,07;11/07/2017;0,33;2,95;0,67
09/01/2013;15,00;0,00;4,88;12/07/2017;5,76;0,00;0,69
10/01/2013;0,00;0,00;4,55;13/07/2017;3,58;0,51;0,69
11/01/2013;0,50;0,00;4,16;14/07/2017;15,58;0,00;1,80
12/01/2013;0,00;0,00;3,80;15/07/2017;19,04;0,00;3,14
13/01/2013;0,00;0,00;3,51;16/07/2017;9,36;0,00;2,23
14/01/2013;0,50;0,00;3,23;17/07/2017;5,76;0,05;1,95
15/01/2013;3,97;0,00;3,05;18/07/2017;9,46;0,00;2,69
16/01/2013;0,86;0,00;2,88;19/07/2017;0,00;2,85;2,33
17/01/2013;0,00;0,00;2,67;20/07/2017;0,33;2,33;2,16
18/01/2013;0,00;0,00;2,53;21/07/2017;0,57;1,35;2,10
19/01/2013;0,00;0,00;2,37;22/07/2017;0,00;2,25;1,99
20/01/2013;4,43;0,00;2,22;23/07/2017;0,00;4,03;1,79
21/01/2013;0,00;0,00;2,10;24/07/2017;0,00;5,54;1,57
22/01/2013;0,62;0,00;1,99;25/07/2017;0,00;4,96;1,41
23/01/2013;0,00;0,00;1,89;26/07/2017;0,00;4,56;1,29
24/01/2013;0,00;0,00;1,77;27/07/2017;0,00;4,20;1,18
25/01/2013;0,00;0,00;1,60;28/07/2017;14,97;1,72;1,20
26/01/2013;0,13;0,00;1,46;29/07/2017;11,10;0,00;2,43
27/01/2013;5,92;0,00;1,43;30/07/2017;0,00;3,15;1,97
28/01/2013;3,31;0,00;1,55;31/07/2017;5,45;0,57;1,51
29/01/2013;50,00;0,00;6,88;01/08/2017;0,00;2,90;1,21
30/01/2013;36,00;0,00;10,24;02/08/2017;0,00;5,47;1,07
31/01/2013;2,79;0,00;12,95;03/08/2017;4,31;0,51;1,01
01/02/2013;25,64;0,00;12,03;04/08/2017;0,20;2,98;0,94
02/02/2013;6,01;0,00;9,87;05/08/2017;0,46;3,68;0,85
03/02/2013;5,67;0,00;8,77;06/08/2017;21,98;0,56;1,80
04/02/2013;8,80;0,00;9,70;07/08/2017;0,20;2,53;2,50
05/02/2013;9,60;0,00;8,66;08/08/2017;0,00;2,62;1,39
06/02/2013;8,15;0,00;8,39;09/08/2017;0,33;1,96;1,25
07/02/2013;11,28;0,00;7,65;10/08/2017;0,20;2,90;1,19
08/02/2013;2,72;0,00;6,85;11/08/2017;0,20;3,65;1,09
09/02/2013;2,72;0,00;6,14;12/08/2017;0,57;3,55;0,99
10/02/2013;0,00;0,00;5,53;13/08/2017;0,00;4,18;0,91
11/02/2013;2,14;0,00;4,99;14/08/2017;0,00;2,86;0,83
12/02/2013;0,00;0,00;4,49;15/08/2017;10,38;0,57;0,78
13/02/2013;0,00;0,00;4,09;16/08/2017;0,33;4,20;0,70
14/02/2013;4,88;0,00;3,78;17/08/2017;0,20;3,90;0,64
15/02/2013;3,31;0,00;3,59;18/08/2017;0,00;4,75;0,56
16/02/2013;0,00;0,00;3,75;19/08/2017;0,00;5,95;0,50
17/02/2013;0,00;0,00;3,39;20/08/2017;0,00;5,80;0,45
18/02/2013;0,00;0,01;3,07;21/08/2017;4,21;0,23;0,46
19/02/2013;0,38;0,00;2,82;22/08/2017;0,20;3,13;0,44
20/02/2013;0,00;0,53;2,64;23/08/2017;0,69;2,58;0,39
21/02/2013;0,62;0,00;2,46;24/08/2017;0,20;3,79;0,35
22/02/2013;0,86;0,00;2,33;25/08/2017;8,54;0,23;0,37
23/02/2013;3,06;0,00;2,23;26/08/2017;0,80;1,75;0,38
24/02/2013;2,26;0,00;2,13;27/08/2017;21,98;0,00;0,82
25/02/2013;5,67;0,00;2,03;28/08/2017;0,00;1,74;0,72
26/02/2013;0,00;0,00;1,93;29/08/2017;1,79;1,01;0,44
27/02/2013;0,00;0,00;1,85;30/08/2017;0,00;3,31;0,38
28/02/2013;0,00;0,00;1,80;31/08/2017;3,37;0,00;0,34
01/03/2013;0,00;0,00;1,75;01/09/2017;25,73;0,00;0,87
02/03/2013;0,00;0,00;1,72;02/09/2017;0,00;0,91;0,69
03/03/2013;0,00;0,20;1,62;03/09/2017;0,00;2,95;0,47
04/03/2013;0,00;1,85;1,63;04/09/2017;0,00;1,36;0,43
05/03/2013;0,00;2,78;1,75;05/09/2017;0,00;3,42;0,38
06/03/2013;0,00;2,86;2,15;06/09/2017;0,20;1,67;0,34
07/03/2013;3,00;0,00;2,62;07/09/2017;0,00;2,42;0,30
08/03/2013;0,86;0,00;3,25;08/09/2017;0,00;3,76;0,26
09/03/2013;9,83;0,00;5,25;09/09/2017;0,00;3,85;0,23
10/03/2013;2,14;0,00;6,55;10/09/2017;0,00;4,47;0,22
11/03/2013;2,49;0,00;6,45;11/09/2017;0,00;3,48;0,22
12/03/2013;9,71;0,00;5,94;12/09/2017;5,04;0,00;0,24
13/03/2013;0,00;0,00;5,32;13/09/2017;0,91;0,00;0,24
14/03/2013;0,38;0,00;4,79;14/09/2017;0,33;0,04;0,23
15/03/2013;0,00;0,47;4,33;15/09/2017;3,69;0,00;0,26
16/03/2013;0,00;1,79;4,01;16/09/2017;0,00;0,03;0,26
17/03/2013;3,00;0,00;3,81;17/09/2017;0,00;2,84;0,22
18/03/2013;0,00;0,00;3,61;18/09/2017;0,00;2,37;0,21
19/03/2013;2,26;0,00;3,36;19/09/2017;0,00;1,14;0,20
20/03/2013;9,60;0,00;3,31;20/09/2017;0,46;1,29;0,18
21/03/2013;0,00;0,00;2,95;21/09/2017;0,00;1,97;0,17
22/03/2013;0,00;0,00;2,70;22/09/2017;0,00;1,90;0,16
23/03/2013;0,26;0,00;2,54;23/09/2017;0,91;0,59;0,16
24/03/2013;5,79;0,00;2,36;24/09/2017;0,00;1,87;0,15
25/03/2013;0,00;0,00;2,25;25/09/2017;5,35;0,00;0,20
26/03/2013;0,00;1,47;2,12;26/09/2017;9,36;0,00;0,34
27/03/2013;0,00;1,72;2,00;27/09/2017;8,95;0,00;0,37
28/03/2013;0,00;1,12;1,92;28/09/2017;8,95;0,00;0,44
29/03/2013;0,97;0,00;1,85;29/09/2017;0,00;0,00;0,34
30/03/2013;0,26;0,06;1,73;30/09/2017;0,00;0,88;0,25
31/03/2013;0,00;0,83;1,64;01/10/2017;0,00;2,21;0,21
01/04/2013;0,00;1,51;1,56;02/10/2017;0,00;2,46;0,19
02/04/2013;0,00;2,04;1,48;03/10/2017;2,16;0,00;0,19
03/04/2013;0,00;0,76;1,41;04/10/2017;33,44;0,00;1,26
04/04/2013;0,00;1,53;1,34;05/10/2017;27,26;0,00;3,93
05/04/2013;0,00;0,43;1,29;06/10/2017;20,25;0,00;1,80
06/04/2013;0,00;0,39;1,19;07/10/2017;20,25;0,00;2,37
07/04/2013;0,00;2,60;1,16;08/10/2017;1,84;0,00;3,63
08/04/2013;0,00;1,46;1,20;09/10/2017;7,47;0,00;2,55
09/04/2013;0,00;0,64;1,38;10/10/2017;0,52;0,00;2,86
10/04/2013;7,05;0,00;2,25;11/10/2017;0,00;0,43;2,42
11/04/2013;6,12;0,00;2,94;12/10/2017;2,47;0,00;2,20
12/04/2013;7,47;0,00;2,91;13/10/2017;6,74;0,00;2,33
13/04/2013;0,64;0,54;3,38;14/10/2017;10,86;0,00;2,58
14/04/2013;0,00;3,73;3,74;15/10/2017;5,71;0,00;2,61
15/04/2013;1,08;1,28;3,70;16/10/2017;1,62;0,00;2,96
16/04/2013;0,00;2,95;3,51;17/10/2017;2,47;0,00;2,52
17/04/2013;0,00;3,64;3,22;18/10/2017;0,29;0,00;2,57
18/04/2013;0,00;3,70;2,96;19/10/2017;0,00;0,32;2,46
19/04/2013;0,29;1,84;2,76;20/10/2017;0,00;2,65;2,26
20/04/2013;0,29;2,08;2,60;21/10/2017;0,00;1,41;2,15
21/04/2013;0,00;1,25;2,44;22/10/2017;0,00;1,63;2,06
22/04/2013;0,00;3,81;2,27;23/10/2017;0,00;1,36;1,91
23/04/2013;0,00;1,98;2,10;24/10/2017;0,00;1,70;1,72
24/04/2013;0,00;4,23;1,97;25/10/2017;0,00;1,52;1,62
25/04/2013;0,00;4,64;1,81;26/10/2017;1,94;0,00;1,61
26/04/2013;6,43;0,00;1,96;27/10/2017;18,51;0,00;2,75
27/04/2013;1,84;0,00;2,28;28/10/2017;0,00;0,00;2,26
28/04/2013;0,00;0,00;1,79;29/10/2017;0,00;0,00;1,71
29/04/2013;0,00;2,37;1,57;30/10/2017;7,57;0,00;1,60
30/04/2013;0,00;1,78;1,41;31/10/2017;12,49;0,00;2,89
01/05/2013;0,80;1,32;1,27;01/11/2017;0,00;0,00;2,06
02/05/2013;0,00;2,37;1,20;02/11/2017;10,65;0,00;2,34
03/05/2013;0,00;2,91;1,10;03/11/2017;5,81;0,00;2,66
04/05/2013;0,00;4,47;0,99;04/11/2017;13,31;0,00;3,54
05/05/2013;0,00;3,86;0,89;05/11/2017;5,81;0,00;3,70
06/05/2013;0,00;3,89;0,81;06/11/2017;2,79;0,00;4,07
07/05/2013;0,00;2,05;0,81;07/11/2017;2,37;0,00;4,17
08/05/2013;0,00;2,50;0,84;08/11/2017;5,50;0,00;4,53
09/05/2013;0,00;2,90;0,93;09/11/2017;0,00;0,00;4,12
10/05/2013;0,00;1,90;0,77;10/11/2017;0,00;0,00;3,91
11/05/2013;0,00;2,05;0,76;11/11/2017;3,63;0,00;3,86
12/05/2013;11,71;0,00;1,16;12/11/2017;0,29;0,00;3,71
13/05/2013;0,00;0,57;1,18;13/11/2017;0,00;0,00;3,42
14/05/2013;0,00;1,59;0,96;14/11/2017;0,00;0,00;3,20
15/05/2013;0,00;1,62;0,83;15/11/2017;0,00;0,19;3,04
16/05/2013;0,00;1,26;0,88;16/11/2017;0,00;0,14;2,90
17/05/2013;0,00;0,57;1,31;17/11/2017;0,00;0,82;2,76
18/05/2013;0,00;1,92;1,14;18/11/2017;0,00;0,62;2,59
19/05/2013;0,00;2,95;0,87;19/11/2017;1,62;0,00;2,54
20/05/2013;0,00;1,19;0,93;20/11/2017;0,00;0,00;2,44
21/05/2013;0,00;1,23;0,88;21/11/2017;0,00;0,00;2,30
22/05/2013;0,00;0,72;1,18;22/11/2017;0,41;0,00;2,15
23/05/2013;0,00;0,98;1,87;23/11/2017;0,00;0,33;2,03
24/05/2013;0,00;2,06;1,30;24/11/2017;9,42;0,00;2,09
25/05/2013;0,00;2,52;1,07;25/11/2017;2,68;0,00;2,35
26/05/2013;0,00;0,77;1,09;26/11/2017;0,29;0,00;1,96
27/05/2013;0,00;4,04;1,03;27/11/2017;4,26;0,00;2,00
28/05/2013;0,00;4,12;0,91;28/11/2017;0,17;0,00;1,94
29/05/2013;18,43;0,00;1,45;29/11/2017;0,29;0,00;1,72
30/05/2013;0,00;0,00;1,78;30/11/2017;1,41;0,00;1,67
31/05/2013;0,00;1,85;1,94;01/12/2017;0,13;0,00;1,59
01/06/2013;0,33;1,23;1,64;02/12/2017;2,14;0,00;1,51
02/06/2013;0,00;4,26;1,47;03/12/2017;12,06;0,00;1,51
03/06/2013;0,00;3,62;1,39;04/12/2017;9,94;0,00;1,56
04/06/2013;0,00;3,90;1,35;05/12/2017;1,08;0,00;2,22
05/06/2013;0,00;4,06;1,27;06/12/2017;4,99;0,00;1,82
06/06/2013;0,00;5,17;1,17;07/12/2017;1,68;0,00;1,60
07/06/2013;0,00;5,59;1,07;08/12/2017;7,03;0,00;1,54
08/06/2013;0,00;4,63;0,99;09/12/2017;0,00;0,00;1,46
09/06/2013;16,70;0,00;1,05;10/12/2017;17,05;0,00;1,54
10/06/2013;0,00;0,07;1,02;11/12/2017;7,59;0,00;1,93
11/06/2013;0,00;3,49;0,92;12/12/2017;0,97;0,00;1,68
12/06/2013;0,00;2,61;0,84;13/12/2017;0,00;0,00;1,61
13/06/2013;0,00;2,12;1,22;14/12/2017;0,13;0,00;1,58
14/06/2013;0,00;3,54;1,28;15/12/2017;6,02;0,00;2,92
15/06/2013;0,00;3,15;0,87;16/12/2017;8,80;0,00;4,87
16/06/2013;0,00;3,36;0,73;17/12/2017;10,55;0,00;8,10
17/06/2013;0,20;4,07;0,65;18/12/2017;11,06;0,00;11,70
18/06/2013;0,00;5,61;0,58;19/12/2017;0,17;0,00;12,66
19/06/2013;0,00;4,77;0,52;20/12/2017;0,29;0,00;11,80
20/06/2013;82,60;0,14;2,86;21/12/2017;5,79;0,00;10,33
21/06/2013;0,00;2,30;3,42;22/12/2017;5,61;0,00;9,22
22/06/2013;0,00;3,15;2,03;23/12/2017;23,40;0,00;9,11
23/06/2013;0,00;1,78;2,09;24/12/2017;27,97;0,00;16,38
24/06/2013;0,00;1,54;2,13;25/12/2017;0,52;0,00;18,90
25/06/2013;0,00;1,78;1,90;26/12/2017;17,09;0,00;17,41
26/06/2013;0,00;2,01;1,76;27/12/2017;18,72;0,00;16,35
27/06/2013;0,00;1,71;1,94;28/12/2017;15,86;0,00;16,56
28/06/2013;0,00;1,41;1,81;29/12/2017;6,95;0,00;16,27
29/06/2013;16,19;0,00;2,72;30/12/2017;3,42;0,00;14,68
30/06/2013;0,00;1,99;2,00;31/12/2017;5,19;0,00;12,58
01/07/2013;0,00;4,14;1,77;01/01/2018;1,24;0,62;5,04
02/07/2013;0,00;4,43;1,69;02/01/2018;8,40;0,43;5,27
03/07/2013;14,06;0,00;2,26;03/01/2018;5,18;0,63;4,73
04/07/2013;0,00;2,38;2,02;04/01/2018;0,54;0,46;4,48
05/07/2013;0,00;2,41;1,73;05/01/2018;3,78;0,49;4,57
06/07/2013;0,00;5,14;1,57;06/01/2018;19,68;0,44;4,73
07/07/2013;0,00;5,36;1,43;07/01/2018;3,78;0,85;5,44
08/07/2013;0,00;5,32;1,31;08/01/2018;5,08;0,63;5,34
09/07/2013;0,00;5,00;1,32;09/01/2018;5,83;0,54;5,43
10/07/2013;0,00;3,82;1,25;10/01/2018;0,30;0,44;5,24
11/07/2013;0,00;1,73;1,20;11/01/2018;2,25;0,36;5,02
12/07/2013;0,00;3,96;1,12;12/01/2018;0,00;0,86;4,74
13/07/2013;0,00;2,64;1,06;13/01/2018;0,43;0,39;4,62
14/07/2013;0,00;4,77;1,01;14/01/2018;1,91;0,38;4,47
15/07/2013;0,00;4,56;0,99;15/01/2018;5,18;0,24;4,38
16/07/2013;0,00;4,87;0,85;16/01/2018;1,35;0,29;4,29
17/07/2013;0,00;4,20;0,71;17/01/2018;0,43;0,61;4,04
18/07/2013;0,00;4,98;0,66;18/01/2018;0,00;0,94;3,79
19/07/2013;0,00;5,12;0,60;19/01/2018;0,00;0,70;3,60
20/07/2013;0,00;4,56;0,57;20/01/2018;3,99;0,13;3,53
21/07/2013;0,00;5,84;0,52;21/01/2018;2,35;0,13;3,64
22/07/2013;0,00;4,48;0,58;22/01/2018;0,00;0,34;3,44
23/07/2013;0,00;3,84;2,00;23/01/2018;7,12;0,16;3,25
24/07/2013;3,48;0,36;1,60;24/01/2018;0,18;0,23;3,18
25/07/2013;6,59;0,93;1,06;25/01/2018;5,50;0,39;3,00
26/07/2013;0,00;2,61;0,87;26/01/2018;14,70;0,40;3,07
27/07/2013;0,00;3,93;0,73;27/01/2018;7,87;0,35;3,19
28/07/2013;0,00;1,91;0,66;28/01/2018;0,18;0,54;3,03
29/07/2013;5,66;0,92;0,58;29/01/2018;0,00;0,67;2,89
30/07/2013;18,02;0,24;0,59;30/01/2018;0,00;0,58;2,83
31/07/2013;5,35;0,56;1,31;31/01/2018;0,00;0,97;2,81
01/08/2013;0,00;5,78;0,66;01/02/2018;9,58;0,40;3,38
02/08/2013;0,00;6,59;0,50;02/02/2018;0,00;0,64;3,18
03/08/2013;5,45;1,51;0,51;03/02/2018;0,00;0,39;2,93
04/08/2013;0,00;4,52;0,39;04/02/2018;0,00;0,83;2,99
05/08/2013;5,66;2,73;0,35;05/02/2018;1,24;0,57;3,39
06/08/2013;0,00;3,49;0,36;06/02/2018;2,25;0,91;4,53
07/08/2013;10,18;0,00;0,42;07/02/2018;7,33;0,82;4,67
08/08/2013;0,57;0,30;0,44;08/02/2018;4,53;0,59;4,78
09/08/2013;2,74;0,33;0,36;09/02/2018;0,30;0,75;4,61
10/08/2013;0,00;2,72;0,32;10/02/2018;2,57;0,58;4,01
11/08/2013;0,00;3,82;0,26;11/02/2018;5,72;0,85;3,57
12/08/2013;0,00;1,56;0,36;12/02/2018;2,35;0,86;3,59
13/08/2013;0,00;2,73;0,34;13/02/2018;8,52;0,34;4,14
14/08/2013;0,00;2,80;0,30;14/02/2018;5,29;0,53;3,70
15/08/2013;0,00;2,64;0,29;15/02/2018;1,47;1,15;3,62
16/08/2013;0,00;4,64;0,25;16/02/2018;8,20;0,54;4,35
17/08/2013;0,00;4,06;0,24;17/02/2018;0,00;0,51;3,90
18/08/2013;0,00;1,65;0,33;18/02/2018;0,67;0,79;3,84
19/08/2013;0,00;2,62;0,43;19/02/2018;1,80;0,65;3,84
20/08/2013;0,00;2,27;0,33;20/02/2018;3,34;0,71;3,76
21/08/2013;0,00;3,98;0,28;21/02/2018;9,69;0,61;4,04
22/08/2013;0,00;3,66;0,27;22/02/2018;2,46;0,37;3,68
23/08/2013;0,00;3,60;0,23;23/02/2018;0,00;0,81;3,41
24/08/2013;9,26;0,00;0,28;24/02/2018;0,00;2,03;3,22
25/08/2013;3,37;0,00;0,31;25/02/2018;0,30;1,09;3,18
26/08/2013;0,46;0,00;0,25;26/02/2018;6,26;0,74;3,44
27/08/2013;0,00;2,89;0,21;27/02/2018;4,64;0,54;3,25
28/08/2013;0,00;3,21;0,19;28/02/2018;2,02;0,61;3,13
29/08/2013;0,00;2,90;0,17;01/03/2018;0,78;0,55;2,98
30/08/2013;0,00;3,31;0,16;02/03/2018;0,18;1,23;2,82
31/08/2013;0,46;0,88;0,18;03/03/2018;0,30;0,96;2,69
01/09/2013;0,00;2,38;0,16;04/03/2018;0,00;1,31;2,58
02/09/2013;0,00;2,90;0,16;05/03/2018;0,00;1,22;2,49
03/09/2013;0,00;3,34;0,16;06/03/2018;0,00;2,16;2,41
04/09/2013;0,00;3,92;0,15;07/03/2018;0,00;2,12;2,26
05/09/2013;0,00;4,58;0,14;08/03/2018;0,00;2,75;2,18
06/09/2013;0,00;4,19;0,14;09/03/2018;0,00;4,59;2,09
07/09/2013;11,00;0,00;0,17;10/03/2018;0,00;3,05;2,05
08/09/2013;34,03;0,00;2,47;11/03/2018;0,00;2,01;1,92
09/09/2013;3,48;0,00;1,11;12/03/2018;0,00;3,04;1,79
10/09/2013;7,62;0,00;0,73;13/03/2018;0,00;3,09;1,74
11/09/2013;13,34;0,00;0,98;14/03/2018;0,00;2,80;1,64
12/09/2013;8,64;0,00;1,62;15/03/2018;3,44;0,78;1,84
13/09/2013;1,46;0,00;1,40;16/03/2018;0,00;1,41;1,64
14/09/2013;5,97;0,00;1,09;17/03/2018;0,00;0,82;1,50
15/09/2013;5,14;0,00;0,90;18/03/2018;0,54;1,15;1,45
16/09/2013;11,61;0,00;1,90;19/03/2018;0,30;2,39;1,42
17/09/2013;9,36;0,00;1,26;20/03/2018;0,00;4,36;1,26
18/09/2013;12,02;0,00;2,39;21/03/2018;2,90;1,43;1,27
19/09/2013;8,44;0,00;2,21;22/03/2018;9,90;1,14;1,45
20/09/2013;0,57;0,00;1,76;23/03/2018;1,12;0,89;1,67
21/09/2013;0,00;0,61;1,40;24/03/2018;4,10;1,06;1,36
22/09/2013;0,20;1,02;1,25;25/03/2018;0,00;1,55;1,15
23/09/2013;0,00;1,64;1,15;26/03/2018;1,24;1,54;1,04
24/09/2013;0,00;2,58;1,03;27/03/2018;0,00;2,85;0,96
25/09/2013;0,00;2,09;0,90;28/03/2018;0,00;3,32;0,90
26/09/2013;0,20;0,40;0,86;29/03/2018;0,00;3,64;0,85
27/09/2013;0,00;2,18;0,76;30/03/2018;0,00;3,12;0,82
28/09/2013;0,00;1,77;0,72;31/03/2018;0,00;3,53;0,79
29/09/2013;0,00;1,43;0,66;01/04/2018;0,00;3,08;0,77
30/09/2013;0,00;2,01;0,60;02/04/2018;0,00;3,61;0,73
01/10/2013;0,00;1,86;0,55;03/04/2018;0,00;3,11;0,69
02/10/2013;0,00;2,26;0,50;04/04/2018;0,18;1,58;0,69
03/10/2013;0,17;2,32;0,47;05/04/2018;0,00;0,95;0,66
04/10/2013;2,58;1,11;0,57;06/04/2018;0,00;2,24;0,62
05/10/2013;6,23;0,63;0,80;07/04/2018;2,25;2,87;0,61
06/10/2013;0,00;0,99;0,61;08/04/2018;2,35;1,53;0,65
07/10/2013;0,00;1,48;0,51;09/04/2018;0,00;2,58;0,57
08/10/2013;0,00;0,80;0,46;10/04/2018;0,00;2,33;0,54
09/10/2013;5,81;0,76;0,52;11/04/2018;0,00;1,80;0,52
10/10/2013;6,64;0,60;0,92;12/04/2018;0,00;2,90;0,49
11/10/2013;4,26;0,35;1,41;13/04/2018;0,00;1,36;0,48
12/10/2013;0,00;0,88;1,07;14/04/2018;1,57;2,19;0,46
13/10/2013;3,52;0,50;1,10;15/04/2018;0,00;1,40;0,42
14/10/2013;8,39;0,68;1,15;16/04/2018;0,00;3,60;0,39
15/10/2013;5,50;0,68;2,33;17/04/2018;0,00;4,15;0,37
16/10/2013;1,41;1,11;1,65;18/04/2018;2,57;1,89;0,43
17/10/2013;4,78;0,84;1,61;19/04/2018;0,18;2,76;0,38
18/10/2013;0,64;1,26;1,70;20/04/2018;0,00;2,53;0,37
19/10/2013;0,00;1,45;1,71;21/04/2018;4,32;2,21;0,69
20/10/2013;4,26;0,96;1,84;22/04/2018;3,12;2,23;0,59
21/10/2013;0,17;1,19;1,96;23/04/2018;2,90;3,31;0,50
22/10/2013;12,08;1,56;2,09;24/04/2018;3,01;2,84;0,44
23/10/2013;7,26;1,11;2,22;25/04/2018;1,57;3,80;0,43
24/10/2013;2,79;0,97;2,36;26/04/2018;1,47;2,57;0,42
25/10/2013;8,70;0,88;2,54;27/04/2018;0,43;2,67;0,44
26/10/2013;1,41;1,13;3,15;28/04/2018;0,18;1,47;0,35
27/10/2013;5,40;1,09;2,90;29/04/2018;1,12;1,42;0,35
28/10/2013;10,86;0,97;3,81;30/04/2018;0,34;1,99;0,36
29/10/2013;1,73;0,87;3,14;01/05/2018;0,34;2,62;0,55
30/10/2013;0,00;0,97;3,03;02/05/2018;1,19;0,69;0,61
31/10/2013;0,00;1,02;2,87;03/05/2018;0,00;3,61;0,46
01/11/2013;9,32;0,43;3,02;04/05/2018;0,00;3,64;0,37
02/11/2013;16,68;0,54;4,88;05/05/2018;0,00;4,89;0,34
03/11/2013;20,86;0,62;6,70;06/05/2018;33,81;2,44;1,25
04/11/2013;13,72;0,48;7,54;07/05/2018;3,84;2,31;3,51
05/11/2013;18,11;0,35;7,96;08/05/2018;12,93;1,68;2,25
06/11/2013;13,62;0,51;9,27;09/05/2018;1,63;2,39;2,48
07/11/2013;30,60;0,49;11,60;10/05/2018;13,67;1,26;2,50
08/11/2013;5,92;0,41;15,32;11/05/2018;2,08;2,25;2,70
09/11/2013;5,09;0,68;14,47;12/05/2018;4,59;1,82;2,32
10/11/2013;5,92;0,26;12,76;13/05/2018;3,18;1,65;2,30
11/11/2013;0,00;0,86;10,46;14/05/2018;0,72;3,62;2,01
12/11/2013;1,62;0,60;9,30;15/05/2018;0,00;1,37;1,78
13/11/2013;0,17;0,52;8,22;16/05/2018;0,00;3,62;1,55
14/11/2013;3,94;0,18;7,32;17/05/2018;0,00;4,85;1,38
15/11/2013;2,26;0,28;6,84;18/05/2018;0,00;4,54;1,24
16/11/2013;0,00;0,63;5,95;19/05/2018;0,00;5,57;1,11
17/11/2013;0,00;0,21;5,54;20/05/2018;0,00;5,27;0,97
18/11/2013;0,17;0,18;5,25;21/05/2018;0,59;2,95;0,95
19/11/2013;4,46;0,21;5,07;22/05/2018;8,46;3,64;1,00
20/11/2013;1,41;0,45;4,97;23/05/2018;0,59;2,50;1,07
21/11/2013;1,51;0,21;4,49;24/05/2018;1,86;2,93;0,90
22/11/2013;1,08;0,11;4,13;25/05/2018;0,00;3,91;0,75
23/11/2013;0,75;0,10;4,23;26/05/2018;3,84;1,54;0,84
24/11/2013;2,05;0,16;4,25;27/05/2018;3,18;1,70;0,92
25/11/2013;1,30;0,17;4,07;28/05/2018;0,00;2,02;0,79
26/11/2013;0,29;0,23;3,84;29/05/2018;0,00;1,76;0,69
27/11/2013;0,00;0,33;3,80;30/05/2018;0,00;3,22;0,65
28/11/2013;0,86;0,20;3,89;31/05/2018;0,00;4,00;0,58
29/11/2013;6,54;0,26;4,12;01/06/2018;0,00;3,37;0,51
30/11/2013;2,47;0,15;4,19;02/06/2018;0,00;3,96;0,46
01/12/2013;0,17;0,36;3,80;03/06/2018;0,00;2,73;0,46
02/12/2013;0,00;0,52;3,61;04/06/2018;10,48;2,21;0,60
03/12/2013;0,00;0,67;3,55;05/06/2018;0,00;2,64;0,71
04/12/2013;2,58;0,16;3,56;06/06/2018;0,00;6,08;0,45
05/12/2013;3,94;0,40;3,72;07/06/2018;0,00;5,58;0,40
06/12/2013;0,00;0,63;3,60;08/06/2018;0,72;5,40;0,37
07/12/2013;4,36;0,24;3,57;09/06/2018;36,44;5,78;0,84
08/12/2013;2,26;0,25;3,69;10/06/2018;4,16;5,40;1,02
09/12/2013;0,00;0,49;3,41;11/06/2018;11,01;4,15;1,08
10/12/2013;0,00;0,67;3,22;12/06/2018;0,00;5,75;0,65
11/12/2013;0,00;0,94;3,14;13/06/2018;0,00;4,71;0,55
12/12/2013;0,00;0,76;2,94;14/06/2018;0,00;2,24;0,55
13/12/2013;0,00;0,51;2,77;15/06/2018;0,00;3,23;0,51
14/12/2013;3,31;0,20;2,86;16/06/2018;0,21;2,28;0,49
15/12/2013;0,75;0,80;2,95;17/06/2018;0,00;2,04;0,47
16/12/2013;0,00;1,69;2,80;18/06/2018;0,00;4,45;0,42
17/12/2013;0,00;1,11;2,77;19/06/2018;0,48;2,57;0,39
18/12/2013;0,00;0,49;2,71;20/06/2018;0,00;1,74;0,38
19/12/2013;11,88;0,37;3,13;21/06/2018;0,00;3,47;0,34
20/12/2013;0,00;0,38;2,75;22/06/2018;0,00;4,06;0,31
21/12/2013;0,75;0,87;2,43;23/06/2018;0,00;5,18;0,28
22/12/2013;10,14;0,33;2,96;24/06/2018;0,00;3,40;0,27
23/12/2013;0,41;0,58;3,05;25/06/2018;0,00;3,22;0,25
24/12/2013;10,86;0,96;3,15;26/06/2018;0,00;4,76;0,23
25/12/2013;8,80;0,36;5,35;27/06/2018;4,48;3,16;0,38
26/12/2013;0,17;0,22;4,19;28/06/2018;12,60;1,52;0,84
27/12/2013;2,68;0,42;4,17;29/06/2018;9,63;2,03;1,22
28/12/2013;17,29;0,29;5,59;30/06/2018;0,21;3,24;0,58
29/12/2013;3,31;0,25;5,20;01/07/2018;0,00;4,67;0,42
30/12/2013;0,00;0,49;5,05;02/07/2018;0,00;5,05;0,36
31/12/2013;0,00;0,82;5,19;03/07/2018;0,00;6,21;0,33
;;;;04/07/2018;0,00;4,43;0,31
;;;;05/07/2018;5,13;1,98;0,37
;;;;06/07/2018;5,24;3,29;0,48
;;;;07/07/2018;0,59;4,16;0,48
;;;;08/07/2018;40,64;0,75;2,83
;;;;09/07/2018;40,44;0,66;7,09
;;;;10/07/2018;3,62;2,70;5,75
;;;;11/07/2018;0,34;3,54;3,86
;;;;12/07/2018;0,21;1,15;2,85
;;;;13/07/2018;6,53;2,56;2,47
;;;;14/07/2018;4,26;2,44;2,15
;;;;15/07/2018;0,00;2,94;1,81
;;;;16/07/2018;0,00;4,49;1,50
;;;;17/07/2018;0,00;4,31;1,23
;;;;18/07/2018;0,00;6,76;1,06
;;;;19/07/2018;0,00;6,56;0,88
;;;;20/07/2018;0,00;4,04;0,80
;;;;21/07/2018;18,00;0,80;3,24
;;;;22/07/2018;0,34;4,27;2,27
;;;;23/07/2018;0,59;5,22;1,82
;;;;24/07/2018;0,00;4,10;1,66
;;;;25/07/2018;0,00;3,44;1,60
;;;;26/07/2018;0,00;3,24;1,51
;;;;27/07/2018;1,07;3,42;1,30
;;;;28/07/2018;6,21;2,89;1,84
;;;;29/07/2018;29,71;1,72;1,60
;;;;30/07/2018;0,21;3,03;11,03
;;;;31/07/2018;0,00;4,84;6,07
;;;;01/08/2018;0,00;4,04;4,88
;;;;02/08/2018;1,52;3,48;4,32
;;;;03/08/2018;19,38;3,42;3,93
;;;;04/08/2018;19,80;2,04;6,25
;;;;05/08/2018;0,00;3,24;5,35
;;;;06/08/2018;11,87;3,59;5,32
;;;;07/08/2018;9,73;2,91;5,66
;;;;08/08/2018;8,24;3,14;5,18
;;;;09/08/2018;11,65;3,12;5,34
;;;;10/08/2018;14,51;2,02;5,76
;;;;11/08/2018;2,08;3,88;5,07
;;;;12/08/2018;7,60;3,49;5,46
;;;;13/08/2018;2,08;1,91;5,32
;;;;14/08/2018;1,75;2,27;5,16
;;;;15/08/2018;6,21;2,11;5,01
;;;;16/08/2018;2,75;2,41;4,63
;;;;17/08/2018;2,08;2,28;4,35
;;;;18/08/2018;0,95;3,17;4,66
;;;;19/08/2018;2,30;1,95;4,31
;;;;20/08/2018;6,10;2,50;3,87
;;;;21/08/2018;0,00;2,85;3,61
;;;;22/08/2018;0,83;2,73;3,39
;;;;23/08/2018;9,63;2,18;3,51
;;;;24/08/2018;0,00;2,56;3,11
;;;;25/08/2018;15,26;1,70;3,33
;;;;26/08/2018;33,60;1,01;6,85
;;;;27/08/2018;0,48;1,85;5,61
;;;;28/08/2018;4,16;2,28;5,65
;;;;29/08/2018;2,52;2,37;5,43
;;;;30/08/2018;5,99;1,81;4,94
;;;;31/08/2018;9,94;1,37;5,24
;;;;01/09/2018;0,00;2,16;4,35
;;;;02/09/2018;0,00;2,87;4,00
;;;;03/09/2018;0,00;2,93;3,87
;;;;04/09/2018;0,00;1,37;3,73
;;;;05/09/2018;0,00;3,13;3,52
;;;;06/09/2018;0,00;1,34;3,31
;;;;07/09/2018;0,00;1,66;3,08
;;;;08/09/2018;0,00;2,25;2,81
;;;;09/09/2018;0,00;2,66;2,59
;;;;10/09/2018;0,00;1,06;2,46
;;;;11/09/2018;0,21;1,56;2,32
;;;;12/09/2018;0,00;2,63;2,11
;;;;13/09/2018;0,00;0,74;2,03
;;;;14/09/2018;0,00;1,10;1,92
;;;;15/09/2018;0,00;1,69;1,74
;;;;16/09/2018;0,00;2,36;1,60
;;;;17/09/2018;0,00;3,38;1,48
;;;;18/09/2018;1,75;1,90;1,86
;;;;19/09/2018;0,21;2,02;1,53
;;;;20/09/2018;29,60;1,55;2,78
;;;;21/09/2018;25,92;0,59;5,58
;;;;22/09/2018;1,07;1,21;3,33
;;;;23/09/2018;0,00;2,30;3,02
;;;;24/09/2018;3,94;1,39;2,95
;;;;25/09/2018;0,59;1,31;2,78
;;;;26/09/2018;0,21;1,58;2,47
;;;;27/09/2018;0,00;1,61;2,31
;;;;28/09/2018;0,00;2,37;2,18
;;;;29/09/2018;3,72;1,42;2,29
;;;;30/09/2018;0,00;1,48;2,16
;;;;01/10/2018;0,00;1,57;1,92
;;;;02/10/2018;0,00;2,00;1,76
;;;;03/10/2018;0,00;2,37;1,69
;;;;04/10/2018;0,18;2,51;1,63
;;;;05/10/2018;0,89;0,38;1,63
;;;;06/10/2018;2,79;1,11;1,65
;;;;07/10/2018;9,05;1,04;1,85
;;;;08/10/2018;18,41;0,65;1,88
;;;;09/10/2018;2,25;0,83;1,93
;;;;10/10/2018;0,78;1,22;1,92
;;;;11/10/2018;0,43;1,25;1,92
;;;;12/10/2018;3,44;1,16;1,97
;;;;13/10/2018;0,00;1,16;1,97
;;;;14/10/2018;0,00;1,90;1,90
;;;;15/10/2018;1,57;1,40;1,89
;;;;16/10/2018;4,75;0,94;2,00
;;;;17/10/2018;8,73;0,92;2,14
;;;;18/10/2018;0,00;1,86;2,04
;;;;19/10/2018;3,66;1,75;2,08
;;;;20/10/2018;0,00;1,00;2,09
;;;;21/10/2018;22,96;0,51;3,30
;;;;22/10/2018;16,08;0,49;3,39
;;;;23/10/2018;0,30;0,61;2,97
;;;;24/10/2018;1,68;0,66;3,09
;;;;25/10/2018;8,62;0,54;3,19
;;;;26/10/2018;0,00;0,93;2,68
;;;;27/10/2018;0,00;1,25;2,52
;;;;28/10/2018;0,00;1,19;2,44
;;;;29/10/2018;0,67;0,36;2,36
;;;;30/10/2018;0,00;0,91;2,26
;;;;31/10/2018;0,00;1,35;2,17
;;;;;;;
;;;;;;;
;;;;;;;
;;;;;;;
;;;;;;;
;;;;;;;
;;;;;;;
;;;;;;;
;;;;;;;
;;;;;;;
;;;;;;;
;;;;;;;
;;;;;;;
;;;;;;;
;;;;;;;
;;;;;;;
;;;;;;;
;;;;;;;
;;;;;;;
;;;;;;;
;;;;;;;
;;;;;;;
;;;;;;;
;;;;;;;
;;;;;;;
;;;;;;;
;;;;;;;
;;;;;;;
;;;;;;;
;;;;;;;
;;;;;;;
;;;;;;;
;;;;;;;
;;;;;;;
;;;;;;;
;;;;;;;
;;;;;;;
;;;;;;;
;;;;;;;
;;;;;;;
;;;;;;;
;;;;;;;
;;;;;;;
;;;;;;;
;;;;;;;
;;;;;;;
;;;;;;;
;;;;;;;
;;;;;;;
;;;;;;;
;;;;;;;
;;;;;;;
;;;;;;;
;;;;;;;
;;;;;;;
;;;;;;;
;;;;;;;
;;;;;;;
;;;;;;;
;;;;;;;
;;;;;;;
